Monat,1 Jahr,2 Jahre,3 Jahre,4 Jahre,5 Jahre,6 Jahre,7 Jahre,8 Jahre,9 Jahre,10 Jahre,20 Jahre,30 Jahre
1988-01,2.887,3.218,3.393,3.554,3.695,3.81,3.904,3.98,4.041,4.092,4.326,
1988-02,2.638,2.99,3.271,3.498,3.672,3.804,3.905,3.984,4.047,4.098,4.332,
1988-03,2.641,3.263,3.573,3.734,3.823,3.878,3.916,3.946,3.972,3.998,4.255,
1988-04,2.8,3.25,3.467,3.594,3.684,3.757,3.819,3.874,3.923,3.965,4.2,
1988-05,3.191,3.602,3.802,3.909,3.974,4.019,4.054,4.082,4.106,4.127,4.247,
1988-06,3.642,3.707,3.764,3.83,3.897,3.96,4.017,4.069,4.115,4.155,4.38,
1988-07,4.161,4.195,4.206,4.212,4.215,4.218,4.219,4.221,4.222,4.222,4.226,
1988-08,4.044,3.959,3.943,3.981,4.037,4.096,4.153,4.204,4.251,4.292,4.498,
1988-09,3.814,3.798,3.871,3.962,4.041,4.105,4.156,4.197,4.23,4.257,4.381,
1988-10,4.108,4.157,4.089,4.025,3.986,3.967,3.965,3.974,3.991,4.014,4.406,
1988-11,4.506,4.29,4.144,4.054,4.003,3.981,3.979,3.991,4.013,4.042,4.387,
1988-12,4.691,4.425,4.24,4.131,4.074,4.05,4.048,4.06,4.081,4.107,4.374,
1989-01,5.651,5.14,4.862,4.727,4.653,4.606,4.574,4.55,4.531,4.517,4.45,
1989-02,6.079,5.522,5.202,5.03,4.926,4.857,4.808,4.771,4.742,4.719,4.615,
1989-03,5.993,5.473,5.179,5.035,4.954,4.901,4.864,4.836,4.815,4.798,4.72,
1989-04,6.443,5.845,5.439,5.231,5.132,5.086,5.066,5.058,5.055,5.054,5.061,
1989-05,7.446,6.476,5.926,5.639,5.483,5.392,5.334,5.294,5.265,5.242,5.143,
1989-06,6.922,6.019,5.455,5.178,5.066,5.035,5.041,5.06,5.083,5.105,5.229,
1989-07,6.397,5.618,5.273,5.153,5.123,5.125,5.136,5.15,5.162,5.173,5.226,
1989-08,7.07,6.145,5.567,5.297,5.19,5.159,5.158,5.168,5.182,5.195,5.265,
1989-09,7.606,6.648,5.979,5.625,5.451,5.37,5.332,5.317,5.312,5.311,5.331,
1989-10,7.534,6.571,6.029,5.743,5.581,5.482,5.417,5.371,5.337,5.31,5.195,
1989-11,7.456,6.45,5.92,5.689,5.582,5.526,5.491,5.468,5.45,5.437,5.376,
1989-12,8.069,6.736,6.128,5.875,5.764,5.707,5.673,5.649,5.632,5.618,5.556,
1990-01,9.093,7.649,6.841,6.456,6.269,6.172,6.117,6.082,6.058,6.04,5.967,
1990-02,8.788,7.785,7.236,6.918,6.714,6.575,6.474,6.398,6.339,6.292,6.079,
1990-03,8.683,7.734,7.163,6.871,6.717,6.627,6.57,6.529,6.499,6.475,6.37,
1990-04,8.971,7.831,7.182,6.881,6.745,6.683,6.655,6.641,6.633,6.629,6.619,
1990-05,8.014,6.923,6.531,6.402,6.355,6.333,6.321,6.312,6.305,6.3,6.277,
1990-06,8.123,6.988,6.508,6.323,6.246,6.208,6.184,6.168,6.156,6.147,6.105,
1990-07,8.263,6.931,6.347,6.143,6.08,6.065,6.065,6.069,6.074,6.078,6.1,
1990-08,8.321,7.38,6.885,6.665,6.566,6.52,6.5,6.49,6.486,6.484,6.484,
1990-09,7.952,7.071,6.717,6.598,6.555,6.536,6.525,6.518,6.513,6.509,6.491,
1990-10,7.796,6.983,6.695,6.595,6.553,6.531,6.516,6.506,6.498,6.491,6.463,
1990-11,8.36,7.363,6.923,6.753,6.677,6.635,6.609,6.589,6.574,6.563,6.51,
1990-12,8.152,7.358,6.927,6.728,6.643,6.609,6.598,6.596,6.598,6.601,6.623,
1991-01,7.755,6.952,6.574,6.44,6.402,6.395,6.399,6.404,6.41,6.415,6.438,
1991-02,7.66,6.925,6.534,6.352,6.271,6.236,6.223,6.219,6.219,6.221,6.237,
1991-03,7.629,6.702,6.355,6.231,6.185,6.167,6.16,6.157,6.156,6.155,6.152,
1991-04,7.81,6.851,6.424,6.237,6.146,6.096,6.065,6.044,6.028,6.016,5.961,
1991-05,7.544,6.61,6.129,5.925,5.844,5.814,5.806,5.806,5.809,5.813,5.838,
1991-06,7.644,6.753,6.25,6.039,5.964,5.945,5.946,5.954,5.963,5.971,6.015,
1991-07,7.451,6.695,6.36,6.204,6.123,6.076,6.045,6.024,6.008,5.996,5.941,
1991-08,7.501,6.775,6.463,6.324,6.248,6.2,6.167,6.142,6.122,6.107,6.036,
1991-09,7.39,6.661,6.445,6.353,6.301,6.266,6.242,6.223,6.209,6.198,6.146,
1991-10,7.839,7.26,7.048,6.944,6.88,6.834,6.795,6.761,6.729,6.698,6.384,
1991-11,7.636,7.056,6.809,6.701,6.653,6.634,6.629,6.629,6.633,6.637,6.67,
1991-12,7.415,6.578,6.379,6.349,6.35,6.356,6.361,6.365,6.368,6.37,6.382,
1992-01,7.22,6.627,6.304,6.179,6.143,6.14,6.147,6.157,6.167,6.175,6.214,
1992-02,7.242,6.697,6.419,6.288,6.222,6.186,6.164,6.15,6.14,6.132,6.099,
1992-03,7.917,6.938,6.608,6.536,6.546,6.576,6.608,6.635,6.658,6.676,6.762,
1992-04,8.104,7.228,6.854,6.705,6.639,6.604,6.581,6.566,6.554,6.545,6.503,
1992-05,8.494,7.522,7.071,6.89,6.828,6.815,6.821,6.834,6.848,6.861,6.93,
1992-06,8.513,7.622,7.27,7.122,7.048,7.004,6.975,6.953,6.937,6.924,6.865,
1992-07,8.322,7.65,7.31,7.143,7.048,6.987,6.944,6.912,6.887,6.867,6.778,
1992-08,7.7,7.292,7.061,6.959,6.913,6.889,6.875,6.866,6.859,6.854,6.83,
1992-09,6.959,6.779,6.606,6.478,6.393,6.341,6.312,6.298,6.292,6.292,6.33,
1992-10,5.95,5.821,5.791,5.816,5.865,5.923,5.979,6.028,6.065,6.092,5.851,
1992-11,6.064,5.887,5.845,5.867,5.913,5.963,6.006,6.038,6.056,6.063,5.762,
1992-12,5.797,5.529,5.433,5.428,5.466,5.519,5.573,5.619,5.655,5.68,5.526,
1993-01,5.139,5.114,5.14,5.195,5.263,5.333,5.399,5.456,5.503,5.539,5.36,
1993-02,4.894,4.785,4.826,4.872,4.899,4.911,4.914,4.913,4.91,4.907,4.888,
1993-03,4.509,4.444,4.475,4.522,4.566,4.602,4.631,4.654,4.673,4.688,4.756,
1993-04,4.47,4.267,4.346,4.473,4.582,4.666,4.729,4.777,4.815,4.845,4.981,
1993-05,4.626,4.257,4.239,4.348,4.474,4.584,4.673,4.743,4.8,4.846,5.054,
1993-06,4.54,4.364,4.352,4.389,4.432,4.471,4.503,4.529,4.549,4.566,4.643,
1993-07,4.317,4.259,4.308,4.376,4.434,4.479,4.51,4.53,4.542,4.546,4.39,
1993-08,4.336,4.225,4.268,4.335,4.392,4.432,4.457,4.471,4.478,4.479,4.418,
1993-09,4.213,4.111,4.132,4.195,4.264,4.325,4.374,4.411,4.438,4.455,4.379,
1993-10,3.999,3.888,3.926,3.993,4.056,4.105,4.142,4.17,4.192,4.208,4.268,
1993-11,3.867,3.767,3.831,3.927,4.015,4.087,4.143,4.186,4.22,4.247,4.368,
1993-12,3.552,3.457,3.534,3.658,3.781,3.886,3.971,4.039,4.093,4.136,4.321,
1994-01,3.653,3.543,3.613,3.733,3.854,3.957,4.042,4.109,4.163,4.206,4.391,
1994-02,3.806,3.686,3.807,3.969,4.109,4.22,4.305,4.371,4.423,4.465,4.654,
1994-03,3.941,3.948,4.035,4.146,4.258,4.358,4.445,4.519,4.582,4.634,4.889,
1994-04,4.033,4.193,4.347,4.49,4.621,4.737,4.839,4.926,5.001,5.062,5.203,
1994-05,4.045,3.978,4.131,4.334,4.523,4.681,4.807,4.907,4.984,5.046,5.307,
1994-06,4.367,4.343,4.513,4.721,4.897,5.034,5.139,5.219,5.283,5.334,5.565,
1994-07,4.452,4.449,4.552,4.701,4.846,4.97,5.071,5.153,5.219,5.273,5.523,
1994-08,4.605,4.776,4.919,5.049,5.16,5.253,5.33,5.394,5.447,5.492,5.713,
1994-09,4.535,4.843,5.04,5.188,5.306,5.402,5.48,5.543,5.594,5.636,5.821,
1994-10,4.336,4.761,5.021,5.188,5.302,5.385,5.45,5.504,5.551,5.594,5.869,
1994-11,4.424,4.723,4.915,5.051,5.148,5.218,5.271,5.311,5.343,5.368,5.483,
1994-12,4.586,4.718,4.842,4.957,5.051,5.126,5.186,5.234,5.272,5.304,5.45,
1995-01,4.423,4.64,4.799,4.932,5.04,5.125,5.192,5.245,5.287,5.322,5.483,
1995-02,4.259,4.595,4.791,4.93,5.036,5.12,5.188,5.243,5.288,5.325,5.499,
1995-03,3.812,4.2,4.467,4.662,4.808,4.92,5.007,5.077,5.133,5.179,5.393,
1995-04,3.644,3.955,4.206,4.41,4.574,4.707,4.815,4.902,4.974,5.033,5.314,
1995-05,3.48,3.815,4.069,4.268,4.426,4.554,4.658,4.743,4.814,4.873,5.162,
1995-06,3.322,3.682,3.969,4.201,4.39,4.545,4.671,4.776,4.863,4.936,5.289,
1995-07,3.034,3.46,3.799,4.069,4.284,4.455,4.592,4.701,4.788,4.859,5.127,
1995-08,3.065,3.461,3.748,3.976,4.164,4.319,4.449,4.558,4.651,4.73,5.135,
1995-09,2.58,2.945,3.248,3.52,3.761,3.971,4.153,4.308,4.441,4.555,5.129,
1995-10,2.187,2.758,3.117,3.392,3.623,3.821,3.992,4.14,4.268,4.38,4.967,
1995-11,1.896,2.259,2.68,3.043,3.331,3.554,3.727,3.862,3.97,4.057,4.455,
1995-12,1.783,2.278,2.75,3.123,3.405,3.619,3.782,3.909,4.01,4.09,4.43,
1996-01,1.798,2.242,2.69,3.092,3.433,3.717,3.951,4.144,4.304,4.437,5.078,
1996-02,1.883,2.378,2.779,3.114,3.399,3.645,3.859,4.047,4.212,4.358,5.184,
1996-03,1.829,2.223,2.633,3.011,3.344,3.631,3.875,4.082,4.257,4.406,5.144,
1996-04,1.867,2.17,2.534,2.896,3.228,3.52,3.773,3.989,4.172,4.329,5.109,
1996-05,2.649,2.91,3.21,3.499,3.762,3.997,4.204,4.386,4.544,4.682,5.418,
1996-06,2.594,2.761,3.13,3.501,3.813,4.061,4.254,4.407,4.528,4.627,5.076,
1996-07,2.517,2.73,3.067,3.401,3.695,3.941,4.144,4.311,4.448,4.561,5.094,
1996-08,2.206,2.503,2.871,3.22,3.527,3.788,4.006,4.188,4.34,4.467,5.08,
1996-09,1.772,2.201,2.581,2.928,3.237,3.508,3.741,3.94,4.111,4.256,4.988,
1996-10,1.748,1.997,2.368,2.743,3.084,3.379,3.63,3.841,4.017,4.166,4.885,
1996-11,2.067,2.249,2.565,2.901,3.211,3.479,3.707,3.897,4.057,4.191,4.835,
1996-12,1.723,2.049,2.402,2.743,3.056,3.334,3.577,3.787,3.969,4.125,4.919,
1997-01,1.687,1.98,2.305,2.625,2.922,3.189,3.424,3.628,3.805,3.959,4.75,
1997-02,1.571,1.726,1.968,2.237,2.501,2.749,2.974,3.176,3.356,3.517,4.441,
1997-03,1.72,1.953,2.238,2.531,2.811,3.068,3.299,3.506,3.69,3.853,4.793,
1997-04,1.772,1.862,2.105,2.397,2.688,2.96,3.203,3.418,3.606,3.769,4.616,
1997-05,1.287,1.594,1.937,2.257,2.547,2.806,3.036,3.241,3.423,3.586,4.528,
1997-06,1.406,1.653,1.93,2.213,2.484,2.736,2.966,3.173,3.358,3.522,4.435,
1997-07,1.552,1.743,2.019,2.307,2.582,2.834,3.06,3.259,3.433,3.585,4.389,
1997-08,1.608,1.868,2.174,2.469,2.74,2.981,3.195,3.383,3.548,3.692,4.469,
1997-09,1.718,2.002,2.298,2.574,2.822,3.044,3.24,3.414,3.568,3.704,4.47,
1997-10,2.006,2.24,2.491,2.73,2.948,3.142,3.315,3.467,3.601,3.719,4.366,
1997-11,1.953,2.13,2.386,2.643,2.879,3.089,3.273,3.433,3.572,3.692,4.319,
1997-12,1.658,1.883,2.136,2.384,2.614,2.821,3.006,3.171,3.316,3.445,4.167,4.445
1998-01,1.407,1.583,1.809,2.039,2.256,2.455,2.636,2.801,2.949,3.084,3.917,4.284
1998-02,1.128,1.369,1.619,1.86,2.084,2.291,2.481,2.656,2.816,2.964,3.936,4.408
1998-03,1.568,1.758,1.946,2.131,2.313,2.488,2.657,2.817,2.968,3.109,4.065,4.51
1998-04,1.715,1.981,2.205,2.403,2.585,2.756,2.916,3.068,3.211,3.344,4.255,4.677
1998-05,1.72,1.921,2.111,2.291,2.461,2.622,2.773,2.916,3.051,3.179,4.137,4.712
1998-06,2.117,2.216,2.333,2.466,2.608,2.754,2.899,3.041,3.178,3.308,4.228,4.674
1998-07,1.982,2.067,2.198,2.347,2.499,2.649,2.794,2.932,3.064,3.19,4.12,4.641
1998-08,1.59,1.756,1.924,2.089,2.25,2.407,2.559,2.706,2.849,2.988,4.156,4.703
1998-09,1.722,1.74,1.785,1.922,2.115,2.329,2.542,2.742,2.924,3.086,3.964,4.281
1998-10,1.398,1.484,1.573,1.731,1.934,2.152,2.368,2.569,2.751,2.914,3.796,4.115
1998-11,1.684,1.747,1.788,1.847,1.935,2.05,2.186,2.338,2.497,2.659,3.974,4.651
1998-12,1.753,1.728,1.719,1.805,1.946,2.11,2.276,2.434,2.58,2.71,3.425,4.783
1999-01,1.381,1.568,1.656,1.735,1.831,1.951,2.089,2.24,2.397,2.555,3.776,4.373
1999-02,1.293,1.491,1.632,1.744,1.854,1.974,2.107,2.25,2.399,2.55,3.784,4.426
1999-03,1.375,1.554,1.664,1.764,1.875,2.002,2.143,2.294,2.449,2.604,3.815,4.416
1999-04,1.171,1.376,1.537,1.68,1.819,1.959,2.101,2.245,2.39,2.534,3.705,4.346
1999-05,1.17,1.41,1.616,1.803,1.976,2.139,2.294,2.443,2.585,2.72,3.775,4.414
1999-06,1.588,1.929,2.138,2.282,2.398,2.503,2.608,2.714,2.824,2.937,3.97,4.624
1999-07,1.676,2.092,2.299,2.426,2.528,2.626,2.726,2.83,2.936,3.044,4.009,4.677
1999-08,1.72,2.204,2.456,2.603,2.708,2.799,2.888,2.979,3.073,3.169,4.016,4.529
1999-09,2.11,2.527,2.724,2.845,2.944,3.039,3.135,3.233,3.33,3.427,4.199,4.647
1999-10,2.536,2.991,3.104,3.148,3.196,3.263,3.345,3.436,3.53,3.625,4.379,4.792
1999-11,2.435,2.834,2.933,2.996,3.083,3.196,3.322,3.451,3.575,3.69,4.362,4.614
1999-12,2.17,2.539,2.715,2.851,2.986,3.123,3.257,3.386,3.506,3.617,4.276,4.535
2000-01,2.538,2.829,3.027,3.177,3.302,3.414,3.516,3.611,3.7,3.784,4.368,4.657
2000-02,2.984,3.25,3.324,3.38,3.45,3.532,3.619,3.706,3.79,3.868,4.369,4.581
2000-03,3.459,3.637,3.646,3.67,3.729,3.812,3.903,3.994,4.078,4.155,4.572,4.722
2000-04,3.612,3.765,3.799,3.82,3.849,3.887,3.931,3.979,4.028,4.076,4.465,4.692
2000-05,3.721,3.879,3.888,3.899,3.931,3.977,4.029,4.084,4.138,4.19,4.539,4.694
2000-06,3.738,3.8,3.783,3.781,3.799,3.832,3.872,3.916,3.962,4.008,4.395,4.642
2000-07,3.901,3.943,3.883,3.847,3.841,3.854,3.879,3.909,3.942,3.976,4.261,4.43
2000-08,3.843,3.804,3.721,3.685,3.684,3.702,3.731,3.765,3.802,3.84,4.177,4.401
2000-09,3.633,3.615,3.619,3.654,3.702,3.754,3.807,3.858,3.907,3.954,4.284,4.449
2000-10,3.598,3.578,3.585,3.623,3.672,3.726,3.779,3.831,3.88,3.927,4.265,4.446
2000-11,3.607,3.614,3.576,3.568,3.583,3.613,3.649,3.689,3.73,3.771,4.115,4.325
2000-12,3.277,3.232,3.22,3.236,3.271,3.319,3.374,3.433,3.493,3.552,3.983,4.188
2001-01,3.225,3.162,3.145,3.158,3.193,3.242,3.3,3.364,3.43,3.497,4.02,4.28
2001-02,3.253,3.156,3.122,3.132,3.169,3.222,3.285,3.354,3.423,3.492,4.013,4.267
2001-03,3.038,2.996,2.996,3.013,3.044,3.087,3.139,3.198,3.261,3.327,3.925,4.294
2001-04,3.143,3.163,3.181,3.205,3.239,3.284,3.337,3.397,3.461,3.529,4.141,4.496
2001-05,3.167,3.175,3.191,3.221,3.262,3.311,3.368,3.428,3.491,3.556,4.14,4.519
2001-06,3.128,3.103,3.093,3.102,3.127,3.164,3.211,3.264,3.322,3.383,3.972,4.369
2001-07,3.098,3.045,3.027,3.037,3.067,3.111,3.165,3.225,3.29,3.357,3.954,4.314
2001-08,2.807,2.814,2.879,2.943,3.003,3.064,3.126,3.189,3.253,3.317,3.87,4.211
2001-09,2.261,2.426,2.571,2.703,2.824,2.935,3.038,3.133,3.221,3.302,3.86,4.151
2001-10,1.856,2.058,2.251,2.406,2.535,2.648,2.749,2.841,2.926,3.005,3.577,3.915
2001-11,2.147,2.376,2.536,2.672,2.792,2.902,3.002,3.095,3.181,3.261,3.816,4.113
2001-12,2.107,2.454,2.72,2.927,3.089,3.219,3.326,3.414,3.49,3.555,3.977,4.223
2002-01,2.117,2.575,2.878,3.082,3.225,3.329,3.41,3.477,3.536,3.59,4.024,4.3
2002-02,2.128,2.476,2.748,2.961,3.13,3.265,3.376,3.467,3.544,3.61,4.016,4.261
2002-03,2.112,2.592,2.892,3.088,3.227,3.334,3.422,3.499,3.57,3.636,4.093,4.307
2002-04,2.011,2.381,2.658,2.87,3.035,3.168,3.278,3.372,3.454,3.528,4.04,4.336
2002-05,1.73,2.192,2.509,2.739,2.915,3.057,3.178,3.284,3.379,3.465,4.028,4.283
2002-06,1.659,2.072,2.355,2.562,2.727,2.865,2.988,3.1,3.203,3.299,3.96,4.271
2002-07,1.078,1.56,1.939,2.244,2.494,2.701,2.874,3.019,3.143,3.248,3.786,3.979
2002-08,0.934,1.384,1.776,2.1,2.368,2.591,2.779,2.938,3.075,3.192,3.806,4.032
2002-09,0.979,1.275,1.539,1.776,1.989,2.179,2.349,2.501,2.638,2.761,3.498,3.878
2002-10,0.71,1.072,1.424,1.731,1.994,2.22,2.415,2.584,2.733,2.863,3.6,3.894
2002-11,0.923,1.224,1.497,1.743,1.966,2.167,2.349,2.515,2.664,2.799,3.625,3.952
2002-12,0.559,0.786,1.062,1.318,1.547,1.751,1.935,2.102,2.255,2.396,3.356,3.856
2003-01,0.601,0.827,1.075,1.315,1.538,1.742,1.929,2.099,2.254,2.396,3.323,3.745
2003-02,0.478,0.673,0.931,1.194,1.442,1.669,1.873,2.058,2.224,2.375,3.333,3.787
2003-03,0.445,0.781,1.078,1.346,1.59,1.813,2.018,2.206,2.378,2.537,3.566,4.024
2003-04,0.44,0.823,1.171,1.474,1.738,1.97,2.175,2.355,2.516,2.659,3.499,3.85
2003-05,0.299,0.598,0.898,1.175,1.425,1.65,1.853,2.038,2.206,2.358,3.342,3.806
2003-06,0.341,0.664,1.003,1.321,1.609,1.863,2.087,2.283,2.455,2.607,3.446,3.767
2003-07,0.357,0.721,1.088,1.422,1.715,1.966,2.182,2.367,2.527,2.666,3.453,3.786
2003-08,0.388,0.862,1.3,1.665,1.963,2.208,2.413,2.589,2.741,2.875,3.627,3.924
2003-09,0.315,0.729,1.145,1.508,1.813,2.068,2.284,2.471,2.633,2.777,3.624,3.98
2003-10,0.462,0.948,1.381,1.734,2.017,2.249,2.444,2.61,2.755,2.882,3.633,3.945
2003-11,0.55,1.081,1.535,1.895,2.179,2.406,2.592,2.748,2.88,2.993,3.596,3.821
2003-12,0.484,0.938,1.367,1.722,2.003,2.226,2.405,2.552,2.674,2.78,3.406,3.712
2004-01,0.462,0.852,1.229,1.573,1.877,2.14,2.364,2.555,2.716,2.852,3.505,3.763
2004-02,0.377,0.71,1.05,1.374,1.67,1.933,2.162,2.361,2.533,2.681,3.439,3.707
2004-03,0.39,0.74,1.087,1.405,1.688,1.934,2.148,2.332,2.493,2.632,3.383,3.666
2004-04,0.68,1.132,1.499,1.799,2.046,2.253,2.426,2.574,2.7,2.809,3.412,3.664
2004-05,0.734,1.226,1.612,1.918,2.164,2.365,2.53,2.669,2.787,2.888,3.465,3.726
2004-06,1.028,1.506,1.863,2.139,2.361,2.543,2.697,2.828,2.941,3.04,3.578,3.782
2004-07,0.96,1.415,1.749,2.018,2.242,2.433,2.595,2.734,2.854,2.957,3.5,3.699
2004-08,0.847,1.182,1.497,1.777,2.019,2.229,2.411,2.568,2.705,2.825,3.479,3.728
2004-09,0.964,1.314,1.606,1.852,2.06,2.239,2.393,2.527,2.646,2.75,3.379,3.666
2004-10,0.888,1.141,1.395,1.638,1.86,2.057,2.23,2.381,2.51,2.623,3.203,3.41
2004-11,1.013,1.245,1.421,1.596,1.771,1.937,2.088,2.223,2.341,2.443,2.97,3.155
2004-12,0.885,1.137,1.364,1.568,1.749,1.909,2.05,2.175,2.285,2.382,2.923,3.13
2005-01,0.887,1.079,1.264,1.446,1.618,1.776,1.918,2.043,2.153,2.249,2.757,2.941
2005-02,0.899,1.124,1.34,1.546,1.736,1.905,2.052,2.179,2.288,2.381,2.846,3.007
2005-03,0.872,1.14,1.331,1.51,1.687,1.853,2.004,2.137,2.254,2.355,2.871,3.051
2005-04,0.769,0.952,1.135,1.309,1.471,1.618,1.752,1.872,1.979,2.074,2.615,2.823
2005-05,0.772,0.948,1.117,1.279,1.431,1.571,1.699,1.815,1.92,2.014,2.56,2.777
2005-06,0.688,0.87,1.064,1.246,1.411,1.558,1.688,1.804,1.907,1.999,2.55,2.787
2005-07,0.772,0.948,1.129,1.3,1.454,1.589,1.704,1.802,1.885,1.955,2.355,2.709
2005-08,0.818,0.997,1.157,1.302,1.432,1.551,1.659,1.757,1.847,1.928,2.456,2.705
2005-09,0.897,1.12,1.305,1.458,1.584,1.688,1.774,1.844,1.902,1.95,2.211,2.519
2005-10,1.074,1.399,1.624,1.779,1.886,1.96,2.011,2.048,2.075,2.097,2.293,2.552
2005-11,1.361,1.657,1.791,1.869,1.929,1.983,2.036,2.088,2.137,2.184,2.501,2.648
2005-12,1.248,1.548,1.693,1.765,1.807,1.837,1.865,1.895,1.926,1.96,2.314,2.579
2006-01,1.294,1.602,1.78,1.887,1.956,2.007,2.048,2.085,2.119,2.153,2.447,2.637
2006-02,1.476,1.689,1.809,1.902,1.981,2.051,2.112,2.165,2.211,2.252,2.466,2.545
2006-03,1.565,1.792,1.959,2.098,2.213,2.305,2.377,2.434,2.48,2.517,2.687,2.743
2006-04,1.668,1.936,2.14,2.302,2.429,2.527,2.604,2.665,2.713,2.752,2.929,2.988
2006-05,1.754,1.986,2.131,2.252,2.359,2.452,2.532,2.599,2.654,2.7,2.918,2.991
2006-06,1.896,2.156,2.32,2.449,2.554,2.64,2.71,2.766,2.811,2.848,3.019,3.076
2006-07,1.877,2.112,2.26,2.378,2.475,2.553,2.616,2.667,2.708,2.742,2.896,2.948
2006-08,1.934,2.093,2.186,2.268,2.34,2.401,2.45,2.489,2.521,2.547,2.666,2.705
2006-09,1.947,2.12,2.207,2.252,2.277,2.296,2.313,2.33,2.349,2.369,2.551,2.649
2006-10,2.043,2.178,2.243,2.294,2.339,2.38,2.415,2.445,2.472,2.495,2.611,2.652
2006-11,2.095,2.179,2.216,2.238,2.257,2.274,2.292,2.309,2.325,2.341,2.446,2.494
2006-12,2.278,2.405,2.449,2.463,2.469,2.472,2.475,2.479,2.484,2.489,2.525,2.541
2007-01,2.379,2.467,2.502,2.528,2.551,2.57,2.586,2.599,2.61,2.619,2.659,2.673
2007-02,2.338,2.373,2.38,2.402,2.434,2.466,2.495,2.519,2.539,2.556,2.633,2.659
2007-03,2.412,2.411,2.419,2.461,2.515,2.567,2.611,2.648,2.678,2.702,2.815,2.853
2007-04,2.475,2.498,2.539,2.597,2.652,2.697,2.733,2.761,2.783,2.801,2.882,2.909
2007-05,2.71,2.782,2.831,2.88,2.923,2.957,2.983,3.003,3.019,3.032,3.089,3.108
2007-06,2.863,2.905,2.921,2.952,2.996,3.043,3.088,3.129,3.164,3.194,3.341,3.392
2007-07,2.841,2.859,2.874,2.907,2.948,2.988,3.025,3.057,3.085,3.108,3.223,3.263
2007-08,2.753,2.495,2.503,2.615,2.733,2.831,2.907,2.966,3.012,3.049,3.218,3.274
2007-09,2.697,2.413,2.418,2.537,2.668,2.782,2.875,2.948,3.008,3.056,3.276,3.349
2007-10,2.71,2.536,2.531,2.589,2.665,2.743,2.816,2.881,2.938,2.987,3.242,3.332
2007-11,2.594,2.249,2.269,2.401,2.537,2.649,2.737,2.807,2.862,2.906,3.107,3.174
2007-12,2.72,2.43,2.495,2.646,2.781,2.886,2.965,3.026,3.073,3.111,3.282,3.339
2008-01,2.386,2.106,2.138,2.273,2.425,2.565,2.685,2.786,2.87,2.939,3.266,3.376
2008-02,2.484,2.13,2.2,2.396,2.583,2.732,2.846,2.934,3.003,3.059,3.31,3.394
2008-03,2.455,2,2.1,2.321,2.523,2.683,2.805,2.899,2.973,3.033,3.303,3.393
2008-04,2.5,2.107,2.32,2.588,2.793,2.94,3.047,3.128,3.192,3.242,3.47,3.546
2008-05,2.462,2.298,2.55,2.783,2.945,3.057,3.138,3.198,3.246,3.284,3.454,3.511
2008-06,2.538,2.502,2.752,2.935,3.052,3.131,3.188,3.231,3.264,3.29,3.41,3.45
2008-07,2.45,2.312,2.513,2.714,2.858,2.96,3.033,3.089,3.132,3.166,3.321,3.373
2008-08,2.717,2.408,2.324,2.4,2.522,2.64,2.74,2.822,2.888,2.942,3.188,3.271
2008-09,2.472,1.607,1.463,1.659,1.916,2.142,2.323,2.466,2.578,2.669,3.08,3.217
2008-10,2.002,1.522,1.565,1.778,2.013,2.223,2.4,2.546,2.665,2.764,3.222,3.376
2008-11,0.899,1.285,1.499,1.65,1.776,1.889,1.989,2.079,2.157,2.226,2.578,2.701
2008-12,0.407,0.691,1.012,1.303,1.541,1.727,1.872,1.985,2.075,2.148,2.479,2.589
2009-01,0.293,0.449,0.756,1.096,1.398,1.645,1.841,1.997,2.121,2.221,2.679,2.832
2009-02,0.407,0.52,0.795,1.116,1.404,1.637,1.821,1.966,2.081,2.174,2.595,2.736
2009-03,0.325,0.523,0.818,1.129,1.406,1.635,1.817,1.963,2.08,2.175,2.61,2.756
2009-04,0.294,0.45,0.76,1.101,1.4,1.641,1.832,1.981,2.1,2.196,2.633,2.779
2009-05,0.248,0.467,0.839,1.235,1.585,1.871,2.097,2.277,2.42,2.536,3.065,3.242
2009-06,0.255,0.509,0.858,1.221,1.547,1.819,2.039,2.217,2.36,2.478,3.016,3.196
2009-07,0.248,0.453,0.726,1.023,1.304,1.55,1.758,1.931,2.073,2.192,2.745,2.932
2009-08,0.288,0.466,0.698,0.962,1.225,1.465,1.673,1.85,1.999,2.124,2.72,2.923
2009-09,0.313,0.567,0.828,1.084,1.325,1.541,1.731,1.895,2.035,2.155,2.749,2.954
2009-10,0.332,0.616,0.89,1.146,1.38,1.591,1.777,1.941,2.084,2.207,2.766,2.855
2009-11,0.269,0.47,0.713,0.97,1.213,1.429,1.612,1.767,1.895,2.002,2.508,2.679
2009-12,0.281,0.468,0.72,0.991,1.239,1.45,1.623,1.764,1.878,1.972,2.404,2.549
2010-01,0.253,0.492,0.742,0.986,1.214,1.421,1.603,1.762,1.897,2.01,2.401,2.333
2010-02,0.179,0.376,0.604,0.842,1.073,1.289,1.484,1.656,1.805,1.931,2.345,2.207
2010-03,0.25,0.472,0.701,0.925,1.138,1.336,1.516,1.676,1.818,1.941,2.44,2.37
2010-04,0.259,0.478,0.697,0.908,1.108,1.292,1.46,1.612,1.746,1.865,2.392,2.381
2010-05,0.177,0.35,0.53,0.708,0.88,1.043,1.195,1.334,1.46,1.573,2.12,2.125
2010-06,0.177,0.347,0.525,0.702,0.87,1.027,1.169,1.297,1.41,1.509,1.951,1.983
2010-07,0.337,0.407,0.522,0.685,0.863,1.031,1.18,1.306,1.411,1.5,1.917,2.057
2010-08,0.448,0.416,0.432,0.526,0.656,0.792,0.916,1.024,1.116,1.192,1.555,1.677
2010-09,0.507,0.462,0.51,0.646,0.809,0.964,1.097,1.207,1.298,1.372,1.716,1.832
2010-10,0.499,0.514,0.61,0.769,0.937,1.086,1.21,1.31,1.392,1.458,1.762,1.863
2010-11,0.477,0.463,0.575,0.762,0.957,1.129,1.272,1.387,1.481,1.558,1.91,2.028
2010-12,0.44,0.448,0.632,0.872,1.09,1.267,1.407,1.516,1.603,1.674,1.993,2.099
2011-01,0.428,0.605,0.811,1.029,1.229,1.399,1.538,1.651,1.743,1.818,2.162,2.278
2011-02,0.365,0.621,0.855,1.065,1.254,1.42,1.567,1.694,1.803,1.897,2.244,2.137
2011-03,0.415,0.702,0.95,1.163,1.346,1.502,1.636,1.751,1.848,1.931,2.262,2.214
2011-04,0.479,0.758,1.003,1.223,1.419,1.591,1.742,1.873,1.986,2.083,2.472,2.375
2011-05,0.339,0.588,0.816,1.021,1.205,1.369,1.515,1.642,1.753,1.849,2.256,2.213
2011-06,0.352,0.347,0.505,0.749,0.995,1.21,1.387,1.529,1.645,1.739,2.169,2.314
2011-07,0.318,0.218,0.311,0.514,0.736,0.935,1.101,1.236,1.346,1.436,1.847,1.985
2011-08,0.045,0.155,0.288,0.431,0.572,0.706,0.831,0.944,1.045,1.133,1.55,1.6
2011-09,0.139,0.055,0.095,0.228,0.393,0.554,0.697,0.818,0.919,1.003,1.396,1.529
2011-10,0.127,0.016,0.071,0.233,0.423,0.603,0.758,0.888,0.994,1.082,1.492,1.63
2011-11,0.149,0.003,0.02,0.154,0.326,0.493,0.638,0.76,0.861,0.945,1.331,1.46
2011-12,0.155,0.013,-0.011,0.071,0.199,0.335,0.461,0.57,0.662,0.74,1.109,1.234
2012-01,0.191,0.102,0.084,0.146,0.249,0.363,0.474,0.573,0.66,0.735,1.103,1.229
2012-02,0.189,0.056,0.022,0.083,0.192,0.314,0.433,0.542,0.637,0.72,1.14,1.285
2012-03,0.225,0.094,0.084,0.177,0.313,0.453,0.579,0.687,0.778,0.854,1.211,1.331
2012-04,0.205,0.039,0.008,0.087,0.211,0.341,0.462,0.568,0.658,0.735,1.104,1.229
2012-05,0.122,-0.164,-0.198,-0.087,0.067,0.215,0.344,0.45,0.538,0.61,0.945,1.057
2012-06,0.012,-0.344,-0.312,-0.131,0.069,0.245,0.39,0.507,0.601,0.678,1.029,1.147
2012-07,0.038,-0.315,-0.348,-0.217,-0.043,0.123,0.266,0.384,0.481,0.561,0.932,1.056
2012-08,0.025,-0.327,-0.361,-0.228,-0.05,0.119,0.266,0.387,0.487,0.569,0.952,1.08
2012-09,0.124,-0.095,-0.153,-0.082,0.043,0.18,0.308,0.421,0.518,0.599,0.995,1.129
2012-10,0.146,-0.063,-0.136,-0.082,0.034,0.168,0.296,0.412,0.512,0.597,1.015,1.158
2012-11,0.117,-0.1,-0.174,-0.125,-0.016,0.111,0.235,0.347,0.445,0.53,0.954,1.1
2012-12,0.059,-0.116,-0.155,-0.092,0.017,0.14,0.261,0.372,0.47,0.557,1.004,1.162
2013-01,0.14,0.093,0.104,0.176,0.282,0.397,0.51,0.614,0.707,0.789,1.221,1.374
2013-02,0.137,0.029,-0.003,0.056,0.167,0.295,0.42,0.535,0.635,0.721,1.149,1.296
2013-03,0.119,-0.012,-0.048,0.021,0.145,0.286,0.423,0.547,0.655,0.747,1.203,1.359
2013-04,0.079,-0.079,-0.124,-0.065,0.048,0.178,0.305,0.421,0.523,0.612,1.06,1.215
2013-05,0.078298175147218,-0.060080202239477,-0.06406628030714,0.034924938767023,0.175936416518963,0.322033816533573,0.456587979158374,0.57420520797502,0.674691124352522,0.759867481791421,1.17126226608291,1.3113595047088
2013-06,0.072657341182914,-0.006228365004679,0.061823012087481,0.22164401037974,0.40660991289776,0.581862192313909,0.734795917095887,0.863665253417767,0.970950222168976,1.06024062772057,1.47968288485343,1.62118753837932
2013-07,0.076493040612125,-0.012796980044816,0.04611135808541,0.207024623972551,0.400210818811608,0.586171767636956,0.749490724481516,0.887316750012968,1.00195943333521,1.09720883604831,1.54258757514796,1.69257508343044
2013-08,0.096035385277893,-0.007927345807335,0.049902648730216,0.217960345116786,0.419974235863885,0.613730461260098,0.783240358823956,0.925842896183315,1.04418866201517,1.14236378056976,1.60057044453585,1.75481685740535
2013-09,0.09619763324491,-0.02358014631324,0.012398034378713,0.16551628304351,0.361804534133903,0.556636427945589,0.731019379359665,0.880084060746511,1.00518067712405,1.10974865604081,1.60282253557622,1.76931136589285
2013-10,0.100852800580653,-0.000333389012586,0.020635894265997,0.150005584952728,0.328111396539654,0.513098718321592,0.684168620584313,0.833921601543741,0.96174938883884,1.06986664754392,1.58807183179344,1.76389952418214
2013-11,0.063789180853768,-0.075608880900913,-0.060744677379943,0.07712231443775,0.266127727019394,0.459977147906665,0.637215099780586,0.790999391127634,0.92142683579759,1.03125480269937,1.55457410366366,1.73185831358602
2013-12,0.04519942712613,-0.071279511156463,-0.002129060422795,0.189374906149897,0.419275454091927,0.640845744911522,0.835865184004381,1.00085966749586,1.13843096564601,1.25296293523938,1.79049451407427,1.97181758592671
2014-01,0.043562792820651,-0.109124332000721,-0.109658618237607,0.014710288832842,0.195566731067243,0.387286147269661,0.567260852991303,0.72694814348151,0.864927183470732,0.98286495657125,1.56050317216052,1.75837360993059
2014-02,0.049470243154182,-0.074286983933303,-0.072943900960043,0.039509108302793,0.205726058123834,0.384485016645653,0.554119539637399,0.705802609142414,0.837571255417746,0.950609762446897,1.50699185864962,1.69784739856325
2014-03,0.085116085599668,-0.030941388846617,-0.035247502948543,0.068624237822612,0.227481697556686,0.400736881055686,0.566285354216589,0.714787006566553,0.843933576839251,0.954718837822144,1.49864006861355,1.68487320478539
2014-04,0.103889261220935,0.004689430132343,-0.02131103759071,0.04717091871338,0.174385160515667,0.325532069211154,0.478165020531929,0.620598729215582,0.748110529828017,0.859839246077709,1.4280283664853,1.62515109869235
2014-05,0.069728022679994,-0.027199368309416,-0.055614751717159,0.001683491774784,0.114194074012519,0.251926647606449,0.394821240089782,0.531662387120857,0.657177004010157,0.769598651268644,1.37385185183696,1.59032791949527
2014-06,0.091872957067762,0.031597745485423,0.000799440427479,0.033613264334775,0.117103853757738,0.230270303547631,0.355813881529876,0.482187221114083,0.602675426114652,0.713933987294957,1.35240183981442,1.58950016414394
2014-07,0.109106327227826,0.032851808702872,-0.0128105290503,0.008751592731238,0.082342843541405,0.185047774008384,0.298803966008987,0.412126548525604,0.518751337278278,0.615872011693042,1.15020476126257,1.34279228833976
2014-08,0.078106124292066,0.000643334390671,-0.029489220059187,0.001949049835637,0.073489549152273,0.164676725178592,0.261903943950759,0.35731838518025,0.446878784846105,0.5288421671233,0.997866944049575,1.17359336043241
2014-09,0.05646349324373,-0.00901232809013,-0.038704566853043,-0.007809932402469,0.068628143360128,0.170211316351976,0.281029081176865,0.390927213535308,0.494316225276248,0.588657339970378,1.11279019896913,1.30316246151956
2014-10,0.036141480915641,-0.041741171913012,-0.053049232461899,-0.002913008245475,0.081997694921809,0.181653671929127,0.284023796935973,0.382588639625103,0.474181939131046,0.557574547554052,1.03390373587933,1.21310008757429
2014-11,-0.021857258138769,-0.133543724549534,-0.14505388400371,-0.095448712862467,-0.016404579707929,0.074165550861594,0.166442422038737,0.255201913730363,0.337874624195034,0.413426566793662,0.851981502837207,1.01942794102692
2014-12,-0.094250401017304,-0.259155644735076,-0.280337598846991,-0.205179493265972,-0.0920828719286,0.025725756963313,0.13384225845301,0.227824386693887,0.307674880640074,0.375038195618327,0.697406417455793,0.806741151944368
2015-01,-0.693855100864471,-0.702336750658372,-0.689433409771367,-0.630585659351779,-0.541469898313696,-0.439400362993958,-0.336037848703974,-0.237856755848009,-0.147860799817567,-0.067009544155461,0.375978947096023,0.537333535816908
2015-02,-0.853107711645873,-0.799960052841509,-0.707883217644389,-0.597115203209642,-0.480416695569064,-0.365540809097775,-0.256924551180715,-0.156844545996382,-0.066202333624088,0.014946622473278,0.453786816376889,0.599516428172486
2015-03,-0.742702151006758,-0.795086291168989,-0.730780943427334,-0.60854413668312,-0.474612244507067,-0.349400992373738,-0.239645084967632,-0.146085982185495,-0.067172779113867,-0.00070754214152,0.318945567547346,0.427777137794538
2015-04,-0.829395528479582,-0.773801540372099,-0.666691134495512,-0.541913910724501,-0.417258372282159,-0.301315861792395,-0.197544588071952,-0.106653230433218,-0.027976510996586,0.039750188525734,0.376872406991602,0.491052408352388
2015-05,-0.838924208157643,-0.811357025871207,-0.736036885265179,-0.635740486712499,-0.525107317608453,-0.41326974683189,-0.305666864453735,-0.205294237401854,-0.113561474854917,-0.03087654851297,0.421655721350578,0.571304816692875
2015-06,-0.900651097660254,-0.878847273404981,-0.788783038165308,-0.663123816372457,-0.522708250956661,-0.38042726010733,-0.243877730739794,-0.117179125230793,-0.00221277336937,0.100538649668791,0.636724461942961,0.797053517668411
2015-07,-0.81920266850094,-0.794860013483467,-0.732032473786448,-0.645307082807434,-0.545175226322581,-0.439068984530511,-0.332143974512311,-0.227871828549442,-0.128488558982864,-0.035333244717961,0.539175718440177,0.73340350107991
2015-08,-0.783663469292262,-0.756843598156831,-0.704508587470587,-0.63506682786002,-0.554913847882432,-0.468864358896282,-0.380494606664494,-0.292414118212403,-0.206481510752154,-0.123975774514151,0.442831313439962,0.666140381784941
2015-09,-0.820848307573541,-0.794928629979619,-0.739716944682789,-0.664754847238203,-0.5772862357733,-0.48275733907478,-0.385210880487719,-0.287597472059731,-0.19202183187832,-0.099937407802409,0.54599468081491,0.818718639566352
2015-10,-0.865844160696227,-0.889917096983717,-0.867628195268566,-0.813599843789359,-0.738780733919453,-0.651299209056444,-0.557121083284518,-0.460558585391657,-0.364664868276976,-0.271539931949982,0.380305180445362,0.64816772897609
2015-11,-0.97926764480778,-1.04848011698029,-1.03509622747402,-0.970061610073025,-0.874733925430671,-0.763661679482242,-0.646568567163319,-0.529777206991233,-0.417232192401051,-0.311234368004321,0.347046630081849,0.592376381318904
2015-12,-0.814827431098919,-0.785679516913784,-0.71992162440444,-0.632111981321248,-0.53252915525398,-0.428305839037235,-0.324273313927759,-0.223591078893415,-0.128215835690659,-0.039249847340483,0.507843887224846,0.704947515624199
2016-01,-0.857910258842287,-0.880027992930788,-0.856224085526624,-0.802086107539712,-0.729052142107645,-0.645421575891025,-0.557125215143339,-0.468313845377155,-0.381808543686979,-0.299445022488176,0.219145096095219,0.381421967254036
2016-02,-0.957871925337472,-1.02739440108703,-1.02392256892261,-0.975086327847063,-0.899903864134122,-0.811277624158979,-0.717780593498552,-0.624939432708094,-0.536156815656408,-0.453373175199456,0.024540072532298,0.168373471830341
2016-03,-0.857188319603885,-0.865332013734643,-0.842582439869488,-0.798443337377652,-0.740178173425221,-0.673289158689783,-0.601896490952836,-0.529039303928769,-0.456914725852553,-0.387067748155856,0.087023868742575,0.248405267518814
2016-04,-0.654478071191167,-0.809398720379773,-0.874471226892848,-0.83789376907133,-0.744653749633406,-0.631200714005431,-0.518073410060549,-0.41453916184262,-0.32357031917114,-0.245108091297141,0.142068067978807,0.274682887385302
2016-05,-0.655391024930452,-0.803668810092784,-0.866264476451084,-0.837461575116605,-0.757834587407835,-0.658347359455347,-0.556481451146051,-0.460659313230438,-0.374203647541704,-0.297822509601176,0.100899784646069,0.241527148800724
2016-06,-0.773646147594786,-0.997511473145263,-1.09468249496668,-1.06981916657836,-0.981618706050724,-0.872393665285431,-0.764227149613794,-0.666310148520599,-0.581170816271037,-0.50837182401503,-0.154790153951401,-0.034429342347164
2016-07,-0.710088000109821,-0.902396232377023,-0.987201325180132,-0.978128053395355,-0.919703889899825,-0.841358795636571,-0.758895922086822,-0.679960750989017,-0.607784396366118,-0.543324972179649,-0.198475665241049,-0.075168389660196
2016-08,-0.700693744691783,-0.865355370500198,-0.918090354101708,-0.889082909273387,-0.822159925626931,-0.742536737920241,-0.662683990624013,-0.588192093506901,-0.521135067535095,-0.461855483103435,-0.149884374201015,-0.039127440690223
2016-09,-0.741579985284724,-0.920261962259739,-0.971563318400093,-0.944286039452069,-0.881189165603025,-0.804864920503723,-0.726700892029031,-0.652220809424708,-0.583835243736586,-0.522305220787056,-0.18336736489214,-0.059414576252614
2016-10,-0.615947700924924,-0.787453349021317,-0.871861537237995,-0.85249286168575,-0.776801256123971,-0.681680062146106,-0.586877419088161,-0.500767900468235,-0.425750697995531,-0.361533413691539,-0.049229991793565,0.057097421674679
2016-11,-0.653320422568837,-0.820266130996217,-0.855822127994732,-0.777055587856357,-0.650063911815701,-0.516566432857013,-0.394927801695577,-0.290517501077359,-0.202976325938009,-0.129981977850535,0.211953436841861,0.32704742097982
2016-12,-0.634569406441921,-0.793211691795681,-0.837677860718866,-0.77169337403783,-0.654551716152252,-0.526374920642392,-0.406287846678644,-0.300981539485934,-0.211228962248633,-0.135473500252048,0.226108851512152,0.348553121483985
2017-01,-0.65100886580719,-0.834644766437564,-0.863625951777569,-0.768594791605048,-0.625796277005386,-0.480111741132083,-0.349844565491575,-0.239444704225811,-0.147674897962213,-0.071584974087535,0.282419708471115,0.401381621370445
2017-02,-0.668591212686986,-0.873555658432879,-0.937708661385628,-0.873884407910441,-0.751807218402656,-0.61737678152739,-0.491961742767055,-0.382727069428757,-0.290256774140074,-0.212659492749878,0.153909217511128,0.277595782715845
2017-03,-0.62924706851466,-0.773047501874091,-0.799085126897159,-0.718454630412257,-0.59416636957792,-0.465674339772981,-0.349825595033282,-0.251126594815698,-0.16881377918766,-0.100431149235891,0.218326988778861,0.325466389877138
2017-04,-0.637405325518747,-0.771759682756301,-0.792381430905376,-0.711775858754349,-0.588990277323509,-0.461620586950528,-0.346165909131579,-0.247313940214378,-0.164549506270639,-0.095596465717307,0.227054988473752,0.335615005425915
2017-05,-0.649087156247941,-0.800189472633073,-0.841160982905065,-0.775288167737875,-0.659022940268272,-0.531752122941664,-0.412631085909132,-0.308421373039391,-0.219875579982276,-0.145369533431794,0.207850693280398,0.327133408745373
