id;Beschreibung;Zürich;Bern / Berne;Luzern;Uri;Schwyz;Obwalden;Nidwalden;Glarus;Zug;Fribourg / Freiburg;Solothurn;Basel-Stadt;Basel-Landschaft;Schaffhausen;Appenzell Ausserrhoden;Appenzell Innerrhoden;St. Gallen;Graubünden / Grigioni / Grischun;Aargau;Thurgau;Ticino;Vaud;Valais / Wallis;Neuchâtel;Genève;Jura
6080;27.11.2016 Atomausstiegsinitiative;45.9;43.5;44.3;39.8;47.2;49.9;49.3;38.6;51;45.3;45.1;52.9;42.7;63;44.9;38.5;44;43.6;43.7;43.8;44.2;47.9;48.3;45.2;45.4;42.1
6070;25.09.2016 Nachrichtendienstgesetz;44.5;40.4;41.2;35.2;46.7;44.3;43.1;33;48.9;40.8;40.3;48;41.6;61.7;42.5;34.1;45.1;36.6;39.2;38.1;45.8;45.6;45.5;43.3;45.7;38.3
6060;25.09.2016 Initiative «AHVplus: für eine starke AHV»;44.7;40.4;41.6;35.6;47;44.5;43.1;33;49.3;40.8;40.4;48;41.9;61.9;42.9;34.3;45.7;37.2;39.4;38.3;45.9;45.7;45.5;43.5;45.7;38.4
6050;25.09.2016 Initiative «Grüne Wirtschaft»;44.5;40.4;41.3;35.4;46.8;44.4;43.2;33;49;40.8;40.3;48;41.7;61.7;42.6;34;45.4;36.8;39.3;38.1;45.9;45.7;45.5;43.1;45.7;38.3
6040;05.06.2016 Asylgesetz;48.3;45.3;46.4;36.8;47.6;49;49.7;36.9;51.5;43.3;44.8;51.4;44.9;65.2;48.4;37.6;44.1;42.5;44.3;42.9;48.5;48.3;49.6;50;51.6;38.8
6030;05.06.2016 Fortpflanzungsmedizingesetz;48;45.4;46.2;36.8;47.4;48.9;49.6;36.8;51.3;43.2;44.7;51.4;44.7;65.1;48.2;37.7;43.9;42.2;44.2;42.9;48.5;48.3;49.6;50;51.6;38.9
6020;05.06.2016 Initiative «Für eine faire Verkehrsfinanzierung»;48.3;45.3;46.5;36.9;47.5;49;49.7;36.9;51.5;43.2;44.7;51.4;44.7;65.3;48.6;37.6;44.1;42.5;44.3;42.9;48.5;48.3;49.6;50;51.6;38.8
6010;05.06.2016 Initiative «Für ein bedingungsloses Grundeinkommen»;48.6;45.3;46.8;37.3;47.9;49.2;49.9;37;51.8;43.4;44.9;51.4;45.1;65.4;48.9;37.9;44.4;42.9;44.5;43.2;48.6;48.4;49.6;50.3;51.6;39
6000;05.06.2016 Initiative «Pro Service public»;48.3;45.3;46.4;36.9;47.7;49;49.7;36.9;51.5;43.3;44.8;51.4;44.7;65.2;48.4;37.8;44.1;42.5;44.3;43;48.5;48.3;49.5;50.1;51.6;38.8
5990;28.02.2016 Sanierung Gotthard-Strassentunnel;65.4;61.6;67.8;73.2;68.6;72.4;73.6;57.6;69.7;63.3;64.2;66.6;63.1;76.1;66.3;59.4;62;60.6;64;59.8;68.1;61.8;63.2;56.8;55.4;54.7
5980;28.02.2016 Initiative gegen die Spekulation mit Nahrungsmitteln;64.5;61.6;66.7;68.7;67.7;71.3;72.6;57.2;68.7;62.9;63.6;66.6;62.1;75.7;65.1;58.9;61.1;59.3;63;59.3;68;61.7;63.2;57;55.4;54.5
5970;28.02.2016 Durchsetzungsinitiative;65.9;61.6;68;72.3;68.9;72.5;73.6;57.9;69.9;63.7;64.6;66.6;63.4;76.1;66.6;59.6;62.4;61;64.3;60.4;68.1;61.9;63.3;57.7;55.4;54.9
5960;28.02.2016 Initiative gegen die Heiratsstrafe;65.1;61.6;67.3;69.6;68.2;72;73;57.5;69.2;63.3;64;66.6;62.7;75.8;65.8;59.1;61.7;60;63.6;59.2;68;61.8;63.2;57.4;55.4;54.7
5950;14.06.2015 Radio- und Fernsehengesetz (Radio- und Fernsehgehabgabe);44.8;39.7;43;36.9;49.4;49.9;50.2;34.8;60.3;42.1;41;49.2;42.9;62.9;46.3;38;42.4;39.9;41.7;40.6;44.1;44.4;51;38.9;45.3;38.4
5940;14.06.2015 Initiative «Millionen-Erbschaften besteuern»;44.9;39.7;43;36.9;49.6;50;50.3;34.8;60.5;42.2;41;49.2;43.1;62.9;46.5;38;42.5;40.2;41.8;40.8;44.1;44.4;51;38.9;45.3;38.5
5930;14.06.2015 Stipendieninitiative;44.3;39.7;42.8;36.4;49.1;49.8;50;34.3;59.8;42;40.9;49.2;42.5;62.7;46;38;42.1;39.4;41.5;40.6;44.1;44.4;51;38.8;45.3;38.4
5920;14.06.2015 Fortpflanzungsmedizin und Gentechnologie im Humanbereich;44.5;39.7;42.8;36.6;49.2;49.8;50;34.7;60;42;40.9;49.2;42.6;62.9;46.2;37.9;42.2;39.7;41.6;40.7;44.1;44.4;51;38.8;45.3;38.4
5910;08.03.2015 Initiative «Energie- statt Mehrwertsteuer»;40.9;38.8;45;35.3;43.1;44.4;50.9;33.4;46.7;45.1;39.2;42.8;36.2;65;48.1;36.8;42;37.1;39.8;44;40.1;45.2;47.7;41.3;47.2;38.5
5900;08.03.2015 Initiative «Steuerfreie Kinderzulagen»;40.9;38.8;45.1;35.2;43.1;44.6;50.9;33.4;46.7;45.1;39.3;42.8;36.2;65;48;36.9;42.1;37;39.9;44;40.1;45.2;47.7;41.2;47.2;38.5
5890;30.11.2014 Gold-Initiative;53;47.7;49.8;40.8;51.6;49.4;50.5;40.7;55.6;47.5;46.9;54.3;50.2;67.5;51.3;45;48.7;46.1;49.1;46.7;45.2;51.8;52.9;43.8;51.1;40.4
5880;30.11.2014 Initiative «Stopp der Überbevölkerung (ECOPOP)»;53.3;47.7;50.1;41.1;51.7;49.5;50.7;40.8;55.9;47.6;47;54.7;50.4;67.5;51.6;45.1;49;46.5;49.3;46.9;45.2;51.9;53;43.9;51.1;40.5
5870;30.11.2014 Initiative zur Abschaffung der Pauschalbesteuerung;53.1;47.7;49.9;41;51.5;49.4;50.7;40.8;55.8;47.6;47;54.5;50.3;67.5;51.4;45;48.8;46.4;49.2;46.9;45.2;51.9;53;43.9;51.1;40.5
5860;28.09.2014 Initiative «Für eine öffentliche Krankenkasse»;44.2;43.8;47;38.3;47.4;51;45.9;33.4;51.4;50.4;42.6;52.4;53.1;68.3;46.1;40.5;43.8;40;42.5;41.9;52.5;52.6;53.8;50.9;57;48.9
5850;28.09.2014 Initiative «Schluss mit der MwSt-Diskriminierung des Gastgewerbes!»;43.9;43.8;46.7;38;47.2;50.8;45.8;33.2;51.8;50.2;42.5;51.8;52.3;68.2;45.3;40.4;43.5;39.4;42.2;41.7;52.4;52.4;53.8;50.6;57;48.5
5840;18.05.2014 Beschaffung des Kampfflugzeugs Gripen;56.4;53.4;58.2;51.1;59.4;60.8;63.1;51.2;62.9;57.1;53.8;58.1;55.3;70.8;57;51.3;54.1;54.2;56.1;54.3;55.6;58.1;61.2;56.6;57.1;53.2
5830;18.05.2014 Mindestlohn-Initiative;56.4;53.4;58.3;51.2;59.4;60.8;63.2;51.2;63.1;57.1;53.9;58.3;55.3;70.8;57.1;51.4;54.3;54.3;56.2;54.4;55.6;58.1;61.1;56.6;57.1;53.1
5820;18.05.2014 Initiative «Pädophile sollen nicht mehr mit Kindern arbeiten dürfen»;56.2;53.4;57.9;50.6;59.1;60.5;62.7;51;62.8;57;53.8;57.8;55;70.7;56.6;51;54;53.7;55.9;54.2;55.6;58;61.1;56.3;57.1;53.1
5810;18.05.2014 Medizinische Grundversorgung;55.6;53.4;57.5;49.9;58.5;60.3;62.3;50.6;62.4;56.8;53.6;57.4;54.5;70.5;55.9;50.9;53.3;52.9;55.3;53.8;55.6;57.9;61.1;56.3;57.1;52.7
5800;09.02.2014 Initiative «Gegen Masseneinwanderung»;57.1;54.8;57.6;50.2;60.8;60.4;60.6;50.9;61.1;56;55.6;56.8;55;70.5;57.7;52.3;55.5;52.7;55.2;53.7;57.1;58;61.5;55.4;57.4;51.3
5790;09.02.2014 Initiative «Abtreibungsfinanzierung ist Privatsache»;56.9;54.8;57.5;49.7;60.6;60.2;60.3;50.8;60.9;55.8;55.6;56.5;54.7;70.7;57.4;52.1;55.3;52.2;55;52.9;57;58;61.5;55.2;57.4;51.2
5780;09.02.2014 Finanzierung und Ausbau der Eisenbahninfrastruktur;56.6;54.8;57.1;49.3;60.4;60;60.1;50.6;60.6;55.6;55.4;56.1;54.4;70.5;56.9;52;55.1;51.7;54.8;53.3;57;57.9;61.5;55.1;57.4;50.9
5770;24.11.2013 Nationalstrassenabgabegesetz (NSAG);54.1;52.8;53.8;48.9;56.7;58.2;58.6;46.8;60.6;53;53.3;55.4;52.8;66.8;55.3;47.7;52.1;50.2;51.1;51;51.1;54.4;57.6;56.9;52.1;63.7
5760;24.11.2013 Familieninitiative;54.2;52.8;53.8;48.9;56.6;58;58.6;46.7;60.7;53;53.2;55.4;52.7;66.9;55.4;47.7;52;50.1;51.1;50.8;51;54.4;57.6;56.8;52.1;63.7
5750;24.11.2013 Initiative «1:12 - für gerechte Löhne»;54.3;52.8;53.9;48.9;56.7;58.1;58.6;46.7;60.9;52.8;53.3;55.6;52.8;66.9;55.4;47.7;52;50;51.2;50.8;51;54.4;57.6;56.6;52.1;63.8
5740;22.09.2013 Liberalisierung der Öffnungszeiten von Tankstellenshops;48.7;44.8;47.6;44.8;49.6;49.8;50;38.2;50.3;46.7;44.8;47.1;44;63.7;50.6;41.1;45.9;43;47.5;45.7;47;46;47.6;42.8;47.5;36.8
5730;22.09.2013 Epidemiengesetz;48.8;44.8;47.6;44.9;49.7;49.7;50;38.3;50.4;46.6;44.8;47.1;44.1;63.7;50.7;41.1;45.9;43.1;47.4;45.5;46.9;46;47.5;42.7;47.5;36.7
5720;22.09.2013 Aufhebung der Wehrpflicht;49.1;44.8;47.9;45.6;49.8;50.1;50.3;38.4;50.7;46.8;44.9;47.5;44.3;63.9;51.1;41;46.2;43.6;47.9;45.8;47;46.1;47.6;42.9;47.5;36.9
5710;09.06.2013 Asylgesetz;40.9;36.6;45.1;30.5;43.8;43.2;43;28.1;44.8;37.3;40.1;45.2;37.3;58.3;40;31.5;36.1;35.7;36.8;34.1;37.2;39.4;43.9;37.7;45.4;32.1
5700;09.06.2013 «Volkswahl des Bundesrates»;41.1;36.6;45.3;30.8;44;43.4;43.1;28.1;45.1;37.4;40.2;45.2;37.4;58.4;40.3;31.1;36.2;36;36.9;33.9;37.2;39.5;43.8;37.7;45.4;32.2
5690;03.03.2013 Raumplanungsgesetz;46.1;43.4;46.2;41.1;49;51.6;49.1;36.1;51.7;44.4;48.5;49.2;44.6;64.9;51.4;41.8;43.8;55.8;44;43.1;41.5;46.4;67.5;41.9;46.5;40.1
5680;03.03.2013 Initiative «gegen die Abzockerei»;46.5;43.4;46.4;41.4;49.3;51.5;49.3;36.2;51.9;44.5;48.7;49.7;45.4;65.2;51.8;41.9;44;56.7;44.4;43.2;41.5;46.4;67.6;42.4;46.5;40.4
5670;03.03.2013 Familienpolitik;46.2;43.4;46.3;41.4;49.1;51.6;49.2;36.1;51.7;44.4;48.6;49.4;45.3;64.9;51.6;41.9;43.9;56.1;44.2;43.1;41.5;46.4;67.6;42.2;46.5;40.3
5660;25.11.2012 Tierseuchengesetz;33.5;25.7;28.1;27.2;29.7;32.2;25.9;15.5;33.2;28.6;21.4;32;27.6;56.9;31.1;22.8;29.2;34.4;21.1;21.7;19.3;26.4;23.2;29.3;28.2;16.3
5650;23.09.2012 «Schutz vor Passivrauchen»;43.2;41.1;45;37;47.2;46;47.6;35.1;49;36.5;41;47.4;38.4;61.7;46.5;37.6;46.8;35.4;39.6;54;41.8;39.3;42.8;55.9;43.8;34.3
5640;23.09.2012 «Sicheres Wohnen im Alter»;42.8;41.1;44.5;36.4;46.7;45.6;47.1;34.8;48.4;36.2;40.8;46.7;38;61.2;46.1;38.1;46.2;34.8;39.3;53.2;41.8;39.3;42.7;55.9;43.8;34
5630;23.09.2012 Jugendmusikförderung;42.6;41.1;44.4;36.2;46.5;45.6;47.1;34.8;48.3;36.3;40.7;46.6;37.3;61.4;45.9;37.7;45.9;34.6;39.1;52.8;41.8;39.3;42.8;56.2;43.8;34
5620;17.06.2012 Krankenversicherungsgesetz (Managed Care);40.1;35;43.3;27.6;42.5;42.3;41.1;25.1;43.3;34.3;38.9;44.6;40.1;59.9;38.9;26.3;35.3;32.7;33.3;31.7;38.9;43.2;41;35.7;48;29.6
5610;17.06.2012 Initiative «Staatsverträge vors Volk!»;40;35;43;27.5;42.3;42.3;41.1;25.1;43.3;34.2;38.8;44.2;39.7;59.7;37.9;26.6;35.2;32.7;33.1;31.5;38.8;43.1;41;35.7;48;29.5
5600;17.06.2012 «Eigene vier Wände dank Bausparen»;40;35;43;27.4;42.3;42.2;40.9;25.1;43.2;34.2;38.7;44;39.8;59.7;38.7;26.2;35.2;32.5;33.1;31.6;38.8;43.1;41;35.8;48;29.4
5590;11.03.2012 Buchpreisbindung;42;41.1;45.2;48.8;49.9;54;48.1;32;48.6;47.9;39.9;43.9;43.2;63.2;43.1;36.4;44.8;42.2;39;37.4;45.4;51.7;60.1;45.7;53.8;42.1
5580;11.03.2012 Regelung der Geldspiele zugunsten gemeinnütziger Zwecke;41.9;41.1;45.3;48.4;50;54;48;31.9;48.5;47.9;39.3;43.8;43.3;63.2;43.2;36.1;44.7;41.8;38.9;37.2;45.3;51.5;60.1;45.5;53.8;42
5570;11.03.2012 6 Wochen Ferien für alle;42.7;41.1;46.1;50.8;51.3;55.1;48.7;32.3;49.6;48.7;40.1;44.9;44.3;63.6;44.3;36.8;46;44;39.6;37.9;45.5;51.9;60.3;46;53.8;42.6
5560;11.03.2012 Für ein steuerlich begünstigtes Bausparen;42.1;41.1;45.5;49.1;50.5;54;48.2;32;48.8;48.1;40;44;43.7;63.4;43.6;36.5;45.1;42.7;39;37.5;45.4;51.7;60.1;45.7;53.8;42.1
5550;11.03.2012 Schluss mit uferlosem Bau von Zweitwohnungen!;42.3;41.1;45.7;49.8;50.7;54.4;48.4;32.1;49.2;48.4;40.1;44.3;43.7;63.4;44;36.6;45.5;43.9;39.3;37.7;45.4;51.9;60.3;45.9;53.8;42.3
5540;13.02.2011 Waffeninitiative;48.9;52.9;50.2;43.6;51.3;53.9;52.6;41.7;53.6;46.6;48.8;49;49.8;64.7;51.7;44.4;47.8;44.1;46.4;49.7;44;49.4;50.8;47;47.8;39.3
5530;28.11.2010 Steuergerechtigkeits-Initiative;54.9;50.8;56.4;48.4;57.4;57.9;60.5;44.9;57.2;47.1;54.2;55.2;50.9;67.4;56.1;49;52.6;44.3;52;50.8;46;51.6;54.1;47.4;54.3;41.5
5522;28.11.2010 Gegenentwurf zur Ausschaffungsinitiative;55.8;50.8;57.2;49.4;57.9;58.5;61;45.2;57.9;47.3;55.1;56.2;51.8;67.9;57.4;50.6;53.7;45.5;52.9;51.5;46.1;51.9;54.3;47.8;54.3;42.1
5521;28.11.2010 Ausschaffungsinitiative;55.8;50.8;57.2;49.4;57.9;58.5;61;45.2;57.9;47.3;55.1;56.2;51.8;67.9;57.4;50.6;53.7;45.5;52.9;51.5;46.1;51.9;54.3;47.8;54.3;42.1
5510;26.09.2010 Revision des Arbeitslosenversicherungsgesetzes;33.4;34.6;34.4;25.9;32.4;35.7;39.1;21.7;42.5;33.7;37.5;47.2;37.1;53.3;36.1;25.8;38.9;26.3;30.9;29.5;33.8;41.5;42.1;39.3;41.6;34.7
5500;07.03.2010 Berufliche Vorsorge: Anpassung des Mindestumwandlungssatzes;46.1;42.8;44.2;46.3;46;56.3;56.6;41.5;49;48.5;44.2;50;44.1;61.8;46.8;36.7;42.1;39.2;41.9;44.9;42.9;50.3;53.2;49.9;49.1;44.3
5490;07.03.2010 Tierschutzanwalt-Initiative;46.3;42.8;44.4;46.6;46;56.5;56.7;41.5;49.1;48.6;44.2;50.1;44.2;61.7;47;36.8;42.2;39.4;41.9;45.2;42.9;50.3;53.2;49.7;49.1;44.2
5480;07.03.2010 Forschung am Menschen;45.7;42.8;44;45.5;45.7;56.5;56.2;41.4;48.2;48.3;43.9;49.6;43.7;61.5;46.2;36.5;41.6;38.5;41.4;44.7;42.8;50.1;53.2;49.6;49.1;44
5470;29.11.2009 Verbot von Minaretten;54;52;54.1;52;51.6;61;57;46.9;61.9;51.5;56.3;58;52.1;70.2;58.2;49.7;53.8;46.7;52;54;49.4;52.8;61.1;53.9;57.7;49.8
5460;29.11.2009 Verbot von Kriegsmaterial-Exporten;53.3;52.1;53.7;51.8;51.3;61.2;56.8;46.7;61.6;51.4;55.7;57.5;51.5;69.9;57.5;48.3;53.1;45.9;51.3;53.3;49.4;52.7;61.1;53.7;57.7;49.5
5450;29.11.2009 Spezialfinanzierung für Aufgaben im Luftverkehr;52;52.1;52.6;49.9;50.5;60.5;55.9;46.2;60.3;50.9;55;56.1;50.4;69.6;56.1;48.6;51.6;44.2;50.1;52.7;49.3;52.4;61;53.3;57.7;48.8
5440;27.09.2009 Verzicht auf die Einführung der allgemeinen Volksinitiative;39;39.9;39;45.3;38.3;39.5;40.7;39.3;48.2;41;41.2;44.1;38.1;63.2;42.7;34.7;41.1;32;37.3;40.2;32.5;44.7;42.5;41.5;50;32.9
5430;27.09.2009 IV-Zusatzfinanzierung;39.9;39.9;40.1;46.9;38.9;40;41.2;39.8;49.1;41.8;41.5;45.2;38.6;63.6;44.2;35;42.4;33.1;38;41;32.5;44.9;42.7;42.1;50;33.3
5420;17.05.2009 Biometrische Pässe;39.7;35.8;39.1;40.1;40;36.3;38;26.3;43.7;32.5;42.3;45.7;43.7;59;43.2;30.1;33.5;33.4;40.6;41.3;32.4;41.8;38.9;41.7;40.4;27.8
5410;17.05.2009 Verfassungsartikel zur Komplementärmedizin;39.7;35.8;39.1;40.3;39.9;36.4;38.1;26.3;43.8;32.5;42.3;45.9;43.7;59;43.3;29.9;33.5;33.6;40.6;41.3;32.4;41.9;38.9;41.8;40.4;27.9
5400;08.02.2009 Personenfreizügigkeit Schweiz-EU;51.2;46.1;51.2;44;54.4;54.4;58;54.1;55.8;49.5;50.4;56.5;50.6;68.2;53.4;47.2;51.2;45.7;50.3;49.2;56.2;53.7;57.2;55.3;54.7;49.8
5390;30.11.2008 Betäubungsmittelgesetz;50.6;43.3;47.5;37.7;45.9;47.1;46.2;40.2;49.4;47.7;45.1;50.6;47.4;60.5;48.3;39.3;46;43.9;45;45.7;40.1;51.3;57.4;45.8;43.3;49.9
5380;30.11.2008 Hanfinitiative;50.9;43.3;47.7;38.1;46;47.3;46.4;40.3;49.9;47.9;45.2;51;47.7;60.7;48.7;39.4;46.5;44.5;45.5;45.8;40.1;51.4;57.4;45.7;43.3;50.1
5370;30.11.2008 Verbandsbeschwerderechts-Initiative;50.7;43.3;47.5;38;45.9;47.2;46.3;40.2;49.7;47.8;45.1;50.8;47.4;60.5;48.6;39.3;46.3;44.1;45.2;45.7;40.1;51.3;57.4;45.8;43.3;49.9
5360;30.11.2008 Initiative für ein flexibles AHV-Alter;51.3;43.3;48.1;38.9;46.3;47.5;46.7;40.4;50;48.1;45.3;51.6;48;60.9;49.2;39.5;47.3;45.7;45.9;46.3;40.1;51.5;57.4;46;43.3;50.4
5350;30.11.2008 Unverjährbarkeit pornografischer Straftaten an Kindern;51.2;43.3;47.9;38.3;46.2;47.4;46.5;40.3;50;48;45.2;51.3;47.8;60.8;48.9;39.5;47;45.2;45.7;46.2;40.1;51.4;57.4;45.9;43.3;50.2
5340;01.06.2008 Gesundheitsartikel;45.6;41.6;46.1;36;46.9;48.2;45.8;37;48.4;42.5;44.6;52.3;43.5;62.9;43.4;34.5;39.4;38;39.5;37.3;49.9;51.2;47.2;48.3;52.5;39.8
5330;01.06.2008 Initiative «gegen Behördenprogaganda»;45.8;41.6;46.1;36.3;47.1;48.2;45.7;37;48.4;42.4;44.7;52.2;43.3;63;43.6;34.7;39.5;38.1;39.6;37.4;49.9;51.1;47.2;48.2;52.5;39.8
5320;01.06.2008 Einbürgerungsinitiative;46.3;41.7;46.9;36.8;47.6;48.5;46.1;37;49;42.5;44.9;52.7;43.8;63.1;44.1;34.8;40.3;38.9;40.1;37.7;49.9;51.2;47.2;48.2;52.5;39.8
5310;24.02.2008 Unternehmenssteuerreform II;36.3;33.1;42.6;32.6;38.8;44.4;50.4;29.1;46.4;37.6;36.5;40.9;39.4;60.6;37.2;29.8;34.7;35.2;34.2;32.4;32.1;43.3;43.8;47.5;61.5;37.8
5300;24.02.2008 Initiative gegen Kampfjetlärm;36.5;33.1;42.9;32.8;39.1;44.7;50.9;29.2;46.6;37.6;36.5;41.1;39.6;60.3;37.4;29.9;34.9;35.5;34.3;32.5;32.1;43.3;43.9;47.5;61.5;37.7
5290;17.06.2007 5. IV-Revision;34.9;31.3;36.4;27.3;36.4;34.2;35.5;32.6;39.9;34.4;33.9;52.5;35.2;58.2;38.1;29.3;37;33.2;30.6;28.8;31.2;44.9;40.1;46.9;42.4;40
5280;11.03.2007 Einheitskrankenkasse;43.9;40.1;49.7;36.3;46.2;49.2;44.7;38.5;54.4;47.9;40.3;45.9;39.4;65.6;45.7;42.5;41.8;39.6;39.5;47.4;50;55.8;53.7;57.6;56.4;48.2
5270;26.11.2006 Familienzulagen;46.4;41.6;45.9;37.5;49.9;45.7;43.9;41;45.5;46.6;50.1;49.2;41.2;62.2;46.9;38.4;41.8;35.1;40.8;42.5;44.3;49.7;46.5;49.2;49.9;40.9
5260;26.11.2006 Ostzusammenarbeit;46.4;41.6;45.8;37.5;49.9;45.7;43.9;41;45.6;46.5;50;49.2;41.1;62.3;46.8;39.4;41.7;35;40.6;42.5;44.3;49.7;46.5;49.2;49.9;40.8
5250;24.09.2006 Asylgesetz;50.9;44.6;49.2;39.6;51.8;47.3;49.1;41.5;54.5;49.6;46.8;56.4;51.1;66.2;51.8;44.7;48.3;44.5;45.6;45.3;44.7;51.9;48.7;52.2;54.8;45.3
5240;24.09.2006 Ausländergesetz;50.8;44.6;49.2;39.5;51.7;47.2;49;41.5;54.5;49.7;46.8;56.5;51.7;66.2;52;44.6;48.2;44.2;45.6;45.3;44.6;51.9;48.7;52.2;54.8;45.3
5230;24.09.2006 KOSA-Initiative;50.5;44.6;49;39.3;51.5;47.2;48.9;41.5;54.4;49.6;46.6;56.2;51.5;66;51.6;44.5;47.8;44;45.3;45.2;44.7;51.8;48.7;52.2;54.8;45.2
5220;21.05.2006 Bildungsartikel;27;20.3;36.6;28.2;32.6;29.6;33.7;34.3;39.7;24.3;23.7;30.4;25.6;52.3;35;19.4;26.2;26.5;23.9;31.9;28.2;32.8;24.4;34.4;36.1;20.9
5210;27.11.2005 Sonntagsarbeit;43.8;38.6;46.8;36.6;43.9;46.5;41.5;32.4;50.6;40.4;39.5;47.2;38.2;61.2;46.6;36.9;40.8;37.4;40.8;38.4;36.9;44.4;44.2;50.6;47.4;41.2
5200;27.11.2005 Gentechfrei-Initiative;43.7;38.6;46.7;36.6;43.8;46.4;41.4;32.3;50.4;40.4;39.5;47.2;38.1;61.2;46.4;36.8;40.6;37.5;40.7;38.4;36.9;44.3;44.2;50.5;47.4;41.1
5190;25.09.2005 Ausdehnung der Personenfreizügigkeit;54.7;46.7;58.3;46.9;57.5;53.5;55.9;50.5;60.1;53.3;53.1;59.4;53.5;68.6;58.5;51.1;53.2;47.2;54.6;58.2;50.4;57.2;56.9;60.3;62.6;51.6
5180;05.06.2005 Partnerschaftsgesetz;59;51.9;62;53.2;62.3;61;61.1;54.5;62.1;55.7;56.6;61.3;56.9;70.6;62.6;57.8;55;50.5;52.2;56;51.7;57.4;56.2;60.2;60.5;52.1
5170;05.06.2005 Abkommen zu Schengen und Dublin;59.2;51.9;62.1;53.5;62.4;61.1;61.2;54.6;62.2;55.8;56.5;61.5;57.1;70.9;62.7;57.9;55.2;50.9;52.5;56;51.7;57.4;56.2;60.2;60.5;52.2
5160;28.11.2004 Stammzellenforschungsgesetz;37.9;36.1;44.9;35.4;39;41;38.1;30.1;52.3;31.4;35.5;45.1;34.2;57.2;44.1;32.3;34.1;28.6;35.6;34.1;30.5;37;31.6;41.8;41.1;45.5
5150;28.11.2004 Neue Finanzordnung;37.5;36.1;44.8;35.1;38.8;40.7;37.9;30.1;52.2;31.3;35.4;44.6;33.9;57.3;43.7;32.2;33.6;28.2;35.2;33.9;30.4;36.9;31.6;41.7;41.1;45.3
5140;28.11.2004 Neugestaltung Finanzausgleich;37.6;36.1;44.7;35.4;38.7;40.7;37.9;30.1;52.4;31.3;35.4;44.8;34;57.2;43.5;32.3;33.7;28.3;35.2;33.9;30.4;36.9;31.6;41.7;41.1;45.5
5130;26.09.2004 Erwerbsersatz für Dienstleistende und bei Mutterschaft;57.2;51.6;58.5;48.6;59.6;57;58.1;52.2;59.9;50.3;57.6;59.3;55.1;67.6;58.8;53;54.4;46;51.4;51.1;45.1;52.2;46.3;57.6;57.1;47.1
5120;26.09.2004 Postdienst für alle;56.6;51.6;58.2;48.2;59.1;56.8;57.8;52.2;59.4;50.1;57.4;59.4;54.8;67.5;58.2;52.9;53.8;45.5;51;50.8;45.1;52.1;46.3;57.5;57.1;47.3
5110;26.09.2004 Bürgerrechtserwerb für die dritte Generation;57.3;51.7;58.5;48.6;59.6;57;58.1;52.3;60;50.2;57.7;59.3;55.2;67.5;58.8;52.9;54.5;45.9;51.5;51.1;45.1;52.2;46.3;57.6;57.1;47.3
5100;26.09.2004 Erleichterte Einbürgerung von Jugendlichen der zweiten Generation;57.3;51.7;58.5;48.6;59.6;57;57.9;52.3;60;50.2;57.6;59.5;55.2;67.6;58.7;52.9;54.4;45.9;51.5;51;45.1;52.2;46.4;57.6;57.1;46.9
5090;16.05.2004 Steuerpaket;52;49.4;54.1;49.5;53.4;51.5;52.9;42.5;55.6;51;51.4;56.2;52.3;66.4;56.3;42.1;47;44.2;47;45.6;48;52.9;44.1;57.4;56.8;55.4
5080;16.05.2004 Anhebung der Mehrwertsteuer für AHV/IV;52;49.4;54;49.4;53.4;51.4;52.8;42.5;55.6;51.2;51.4;56.3;52.2;66.4;56.3;42.2;46.9;44.2;47;45.6;48;53;44.2;57.5;56.8;55.4
5070;16.05.2004 11. AHV-Revision;52;49.4;54;49.3;53.4;51.4;52.8;42.4;55.6;51.2;51.4;56.3;52.2;66.4;56.1;42.1;46.8;44.1;46.9;45.6;48;53;44.1;57.5;56.8;55.4
5060;08.02.2004 Initiative zur Verwahrung gefährlicher Straftäter;47.4;43;48.9;54.9;46.3;46.7;50.7;45.2;52.1;40.4;47.3;52.7;49.1;63.8;55.3;37.4;42.5;36.3;39.9;38.1;44.3;49.9;31.3;56.3;56.1;36
5050;08.02.2004 Mietrecht;47.2;43;48.7;53.6;46.8;46.5;50.6;45;52;40.3;47.2;53.1;48.9;64;54.5;37.4;42.1;35.9;39.7;38;44.3;49.9;31.2;56.4;56.1;35.9
5040;08.02.2004 Gegenentwurf zur Avanti-Initiative;47.5;43;49;55.8;47.1;46.7;50.9;45.1;52.1;40.4;47.3;52.8;48.9;63.7;55.6;37.5;42.5;36.6;40;38.2;44.3;49.9;31.3;56.3;56.1;36
5030;18.05.2003 Lehrstelleninitiative;51.9;48.6;53.5;47.8;55.3;52.9;55.3;48.4;57.2;48.1;55.3;53.1;50.3;69.2;53.2;43.2;48;42.1;46.6;47.8;37.7;51.2;40.1;55.5;50.8;44.7
5020;18.05.2003 Moratorium Plus;51.9;48.6;53.6;48.1;55.3;52.9;55.4;48.4;57.3;48;55.4;53.4;50.5;69.2;53.2;43.2;48;42.2;46.7;47.8;37.7;51.2;40.1;55.4;50.8;44.7
5010;18.05.2003 Strom ohne Atom;52.1;48.6;53.8;48.4;55.4;53.1;55.5;48.4;57.4;48.1;55.5;53.6;50.6;69.3;53.5;43.3;48.3;42.5;46.9;47.9;37.7;51.2;40.1;55.5;50.8;44.7
5000;18.05.2003 Gleiche Rechte für Behinderte;52.1;48.6;53.7;48.2;55.4;53;55.5;48.4;57.6;48.1;55.4;53.5;50.5;69.5;53.4;43.3;48.3;42.5;46.8;47.9;37.7;51.2;40.1;55.5;50.8;44.7
4990;18.05.2003 Gesundheitsinitiative;52.1;48.6;53.7;48.1;55.4;52.9;55.4;48.4;57.4;48.2;55.4;53.5;50.5;69.5;53.2;43.2;48.3;42.3;46.7;47.8;37.7;51.3;40.1;55.6;50.8;44.7
4980;18.05.2003 Sonntagsinitiative;52.3;48.6;54;48.4;55.5;53.1;55.6;48.4;57.5;48.2;55.5;53.7;50.7;69.5;53.6;43.2;48.6;42.7;46.9;47.9;37.7;51.3;40.1;55.6;50.8;44.8
4970;18.05.2003 Ja zu fairen Mieten;52;48.6;53.5;47.8;55.3;52.9;55.3;48.3;57.3;48;55.3;53.4;50.4;68.9;53.1;43.1;48.1;42;46.6;47.9;37.7;51.2;40.1;55.5;50.8;44.6
4960;18.05.2003 Zivilschutz;51.7;48.6;53.5;47.8;55.2;52.9;55.2;48.3;57.2;48;55.3;53.1;50.3;69;53;43.1;47.9;42;46.6;47.8;37.7;51.2;40.1;55.5;50.8;44.6
4950;18.05.2003 Armee XXI;51.8;48.6;53.6;47.9;55.3;52.9;55.2;48.3;57.3;48;55.4;53.1;50.4;69.1;53.2;43.2;48;42.2;46.6;47.9;37.7;51.2;40.1;55.5;50.8;44.6
4940;09.02.2003 Kantonale Beiträge an Spitalbehandlungen;33;24;28.9;31.3;36.3;25.6;28.4;19;30.5;21.4;27.2;43.2;28.6;52.2;42.9;22.6;28.5;19.5;24.8;39.2;19.6;30.6;14.8;38.7;36.1;21.1
4930;09.02.2003 Änderung Volksrechte;33;24;28.9;31.2;36.4;25.6;28.4;19;30.5;21.4;27.2;43.3;28.6;52.2;42.7;22.6;28.5;19.5;24.8;39.2;19.6;30.6;14.8;38.6;36.1;21.1
4920;24.11.2002 Arbeitslosenversicherungsgesetz;52;46.6;52.2;39.8;54.3;44.3;44.1;46;53;41.4;49.5;52.1;49.1;65.7;55.6;47.8;48.2;38.3;41.9;48.1;33.1;51.1;36.5;53.8;50.9;40.3
4910;24.11.2002 Gegen Asylrechtsmissbrauch;52.7;46.6;52.5;40.2;54.5;44.5;44.4;46.2;53.4;41.5;49.6;52.3;49.5;65.9;56.4;47.9;49;38.9;42.6;48.4;33.1;51.2;36.5;53.9;50.9;40.3
4900;22.09.2002 Elektrizitätsmarktgesetz;49.7;42;46.2;38.8;47.5;43.8;68.2;40.8;54.4;39.7;47.6;52.2;45.7;63.7;49.1;41.4;42.3;37.7;41.5;44.7;36.3;44.8;33.1;50.4;50.8;34.9
4892;22.09.2002 Gold für AHV, Kantone und Stiftung;50.4;42;46.5;39.3;47.7;44.1;68.6;41;54.8;39.7;47.8;52.9;46.1;67.3;49.7;41.7;43.1;38.4;42;45;36.3;44.9;33.2;50.5;50.8;35
4891;22.09.2002 Goldinitiative;50.4;42;46.5;39.3;47.7;44.1;68.6;41;54.8;39.7;47.8;52.9;46.1;67.3;49.7;41.7;43.1;38.4;42;45;36.3;44.9;33.2;50.5;50.8;35
4880;02.06.2002 Für Mutter und Kind;43.8;37.9;49.5;35.5;46.8;42.7;45.6;44.6;49.6;34.1;47.5;47.2;42;63.1;44.9;37;39.7;35.3;35.6;40.2;26.5;48.4;31.6;52.5;51.5;30.6
4870;02.06.2002 Fristenregelung;44;37.9;49.5;35.6;47;42.8;45.7;44.5;49.8;34.2;47.6;48.3;42.2;63.3;45.1;37;39.9;35.4;35.7;40.3;26.5;48.5;31.6;52.7;51.5;30.6
4860;03.03.2002 Kürzere Arbeitszeit;59.6;57.6;66.2;59.1;68.5;66.4;68.8;59.6;67.7;55.9;61.3;62.6;59.1;72.5;66.4;66.1;61.4;55.2;57.8;58.4;49.8;46.4;49.3;65.9;60.3;53.7
4850;03.03.2002 UNO-Beitritt;59.9;57.6;66.3;59.4;68.6;66.6;69;59.7;67.7;56;61.3;63;59.4;72.6;66.5;66.2;61.8;55.9;58.1;58.6;49.8;46.5;49.4;65.8;60.3;53.8
4840;02.12.2001 Kapitalgewinnsteuer;40.4;38.7;41.4;39.2;45.9;43.5;41;35.6;44.5;37.4;37.7;43.3;38;59.4;43.4;37.3;37.1;33.2;33.1;36.4;31.6;29.5;30.3;48.1;42.2;35.6
4830;02.12.2001 Ziviler Friedensdienst;40.3;38.7;41.4;39.2;45.9;43.5;41;35.6;44.5;37.8;37.7;43.2;37.9;59.4;43.5;37.3;37.1;33.2;33.1;36.4;31.6;29.5;30.3;48.1;42.2;35.6
4820;02.12.2001 Schweiz ohne Armee;40.5;38.7;41.5;40;46;43.6;41;35.6;44.6;37.8;37.7;43.4;38;59.5;43.7;37.3;37.3;33.4;33.2;36.4;31.6;29.5;30.3;48.1;42.2;35.6
4810;02.12.2001 Energie statt Arbeit besteuern;40.3;38.7;41.4;39.2;45.9;43.5;41;35.6;44.4;37.8;37.7;43.2;37.9;59.4;43.5;37.3;37.1;33.2;33.1;36.4;31.6;29.5;30.3;48.1;42.2;35.6
4800;02.12.2001 Schuldenbremse;40.2;38.7;41.4;39.2;45.9;43.5;41;35.6;44.4;37.8;37.7;43.1;37.9;59.5;43.4;37.2;37.1;33.2;33.1;36.4;31.6;29.5;30.3;48.1;42.2;35.6
4790;10.06.2001 Aufhebung Bistumsartikel;45;40.9;47.6;41.1;51.3;49.6;48.5;40.1;49.2;42.3;49.4;51.3;42.1;63.6;50.3;46.3;43.1;38.5;38.3;42.2;27.4;37.8;27.9;49.1;43;30.3
4780;10.06.2001 Militärgesetz: Ausbildungszusammenarbeit;46;40.9;48.2;42;51.8;49.8;48.9;40.3;49.4;42.4;49.7;52.1;42.6;63.7;51.5;46.5;44.1;39.8;39;42.6;27.4;37.8;27.9;49.4;43;30.4
4770;10.06.2001 Militärgesetz: Bewaffnung;46;40.9;48.2;42;51.7;49.8;48.9;40.3;49.5;42.5;49.7;52.2;42.6;63.9;51.5;46.5;44.1;39.9;39;42.5;27.4;37.8;27.9;49.4;43;30.5
4760;04.03.2001 Strassen für alle;55.7;54.1;58.9;52.3;61.9;59;60.8;53.1;63.6;61.6;58.2;59.5;57.3;69.5;61;59.2;55.8;48.7;51.9;53.2;49.2;46;63;69.1;62.2;54.7
4750;04.03.2001 Arzneimittel-Initiative;55.6;54.1;58.9;52.2;61.7;58.9;60.7;53;62.7;61.5;58.1;59.4;57.2;69.3;60.7;59.1;55.6;48.5;51.8;53.3;49.2;46;63;69.1;62.2;54.6
4740;04.03.2001 Ja zu Europa!;55.7;54.1;58.9;52.4;61.9;59;60.7;53.1;63.1;61.5;58.2;59.5;57.2;69.3;60.9;59.1;55.8;48.9;51.9;53.4;49.2;46;63;69.1;62.2;54.7
4730;26.11.2000 Bundespersonalgesetz;41.8;43.2;41.4;36.1;42.7;37.5;42.3;37.9;46.4;43.2;43.9;51.5;40.6;61.4;45.1;35.7;37.7;32.6;38.2;40.3;41.1;36.3;40.8;38.4;46.7;58.5
4720;26.11.2000 Spitalkosteninitiative;42.1;43.2;41.5;36.5;42.8;37.3;42.6;37.9;46.5;43.2;44;51.7;40.8;61.3;45.5;35.7;38.1;32.9;38.4;40.4;41.1;36.3;40.8;38.5;46.7;58.7
4710;26.11.2000 Umverteilungsinitiative;42.2;43.2;41.5;36.7;42.8;37.6;42.7;37.9;46.5;43.2;44;51.8;41;61.5;45.8;35.1;38.2;33;38.5;40.4;41.1;36.3;40.8;38.5;46.8;58.7
4700;26.11.2000 Rentenalter ab 62 für Frau und Mann;42.2;43.2;41.4;36.5;42.8;37.6;42.6;37.8;46.5;43.3;44;51.8;40.9;61.4;45.2;34.7;38.3;33.1;38.5;40.5;41.1;36.3;40.8;38.5;46.8;58.8
4690;26.11.2000 Flexibilisierung der AHV;42.1;43.2;41.5;36.4;42.8;37.6;42.6;37.9;46.4;43.2;43.9;51.7;40.7;61.5;45.5;35.7;38.2;33;38.4;40.4;41.1;36.3;40.8;38.5;46.7;58.8
4680;24.09.2000 Konstruktives Referendum;49.5;44.3;49.2;40.8;46.4;45.1;47.5;42.2;49.8;46.5;47.6;52.2;46.1;63.9;49;38.6;45.4;35.5;41.3;43;35.6;39;36.1;41.2;50.5;37.8
4670;24.09.2000 Regelung der Zuwanderung;50.4;44.5;49.7;41.6;46.6;45.3;47.7;42.2;50.2;46.8;47.7;52.8;46.5;64.1;49.6;38.6;46.6;36.5;41.9;43.2;35.6;39;36.1;41.2;50.9;38
4660;24.09.2000 Umweltabgabe;49.7;44.4;49.2;41.1;46.3;45.1;47.5;42.2;49.9;46.6;47.6;52.2;46.1;64.1;49;38.5;45.6;35.7;41.4;43;35.6;39;36.1;41.1;50.5;37.9
4652;24.09.2000 Förderabgabe;49.4;44.4;49;40.3;46.5;45.1;47.4;42.1;49.5;46.2;47.5;51.8;46.1;63.4;48.6;38.2;44.8;35.5;41.1;42.8;35.6;39;36.1;41.3;50.4;37.8
4651;24.09.2000 Solarinitiative;49.4;44.4;49;40.3;46.5;45.1;47.4;42.1;49.5;46.2;47.5;51.8;46.1;63.4;48.6;38.2;44.8;35.5;41.1;42.8;35.6;39;36.1;41.3;50.4;37.8
4640;21.05.2000 Bilaterale Abkommen mit der EU;50.9;44.6;54.7;51.7;50.7;47.9;54.9;47.5;54.3;45;49.6;54.8;48.7;66.1;54.1;46.7;44.3;40.8;42.8;46.1;51.9;45.8;41.7;52.2;58;47.4
4630;12.03.2000 Verkehrshalbierungs-Initiative;44.7;43.4;47.1;52.3;50.6;44;44.5;39.8;47.2;40.7;45.6;51.5;42.6;66.8;50.6;43.2;43.7;36.2;40.8;41.8;30.1;34.8;33.9;35.4;46.5;38.6
4620;12.03.2000 Menschenwürdige Fortpflanzung;44.4;43.4;47;51.7;50.3;43.9;44.4;39.8;46.9;40.6;45.5;51.2;42.4;66.6;50;43.1;43.3;35.7;40.4;41.7;30.1;34.8;33.9;35.4;46.4;38.6
4610;12.03.2000 Quoten-Initiative;44.4;43.4;46.9;51.7;50.3;43.9;44.4;39.7;46.8;40.5;45.5;51.2;42.4;66.6;50.2;43.2;43.3;35.8;40.4;41.7;30.1;34.8;33.9;35.4;46.3;38.6
4600;12.03.2000 Beschleunigungs-Initiative;44.3;43.4;46.8;51.2;50.1;43.9;44.3;39.7;46.7;40.5;45.5;51;42.3;66.6;49.9;43.1;43.1;35.6;40.3;41.4;30.1;34.8;33.9;35.4;46.2;38.4
4590;12.03.2000 Justizreform;43.9;43.4;46.7;50.4;49.9;43.7;44.1;39.7;46.3;40.4;45.5;50.8;42.2;66.4;49.3;43;42.7;35.1;40;41.2;30.1;34.8;33.9;35.4;46.1;38.3
4580;13.06.1999 Mutterschaftsversicherung;48.7;47.4;50.5;46.6;47.1;55.7;52.3;45.8;53.9;42;51;54.8;48.8;66.7;57.2;49.4;49;38.4;43.7;46.8;33.1;38.1;35.3;39.8;48.3;42.5
4570;13.06.1999 Invalidenversicherung;48;47.4;50.3;45.5;47;55.3;52.1;45.8;53.4;41.9;50.8;54.4;48.4;66.6;56.3;49.1;48.4;37.8;43.2;46.6;33.1;38.1;35.3;39.7;48;42.3
4560;13.06.1999 Verschreibung von Heroin;48.3;47.4;50.3;45.7;47.1;55.5;52.1;45.8;53.5;41.9;50.9;54.6;48.5;66.7;56.5;49.3;48.5;37.8;43.3;46.8;33.1;38.1;35.3;39.7;48.1;42.3
4550;13.06.1999 Massnahmen Asyl- und Ausländerbereich;48;47.4;50.2;45.3;47.1;55.3;52.1;45.7;53.4;41.8;50.8;54.3;48.4;66.5;56.1;49.2;48.3;37.4;43.2;46.6;33.1;38.1;35.3;39.7;47.9;42.3
4540;13.06.1999 Asylgesetz;47.9;47.4;50.2;45.1;47;55.3;51.9;45.8;53.3;41.8;50.8;54.3;48.4;66.5;56;49.2;48.3;37.4;43.1;46.6;33.1;38.1;35.3;39.7;47.9;42.3
4530;18.04.1999 Neue Bundesverfassung;40.2;31.7;52.4;35.1;42.8;47.8;43.2;39.8;42.8;24.6;47.2;42;32.4;63.4;50.3;46.1;36.3;31;34;44.5;62.5;17.5;21.2;24.8;27.4;18.7
4520;07.02.1999 Raumplanungsgesetz;42.5;37.7;45.5;30.5;34.6;37.3;42.5;33.6;41.5;31.9;42.1;46.2;41.5;59.6;44.3;37.9;39.8;31.9;37.6;45.4;36.2;29.3;22;26.3;39.5;20.5
4510;07.02.1999 Wohneigentums-Initiative;43;37.7;45.7;30.8;34.6;37.4;42.7;33.6;41.7;31.9;42.2;46.5;41.8;60.1;44.7;37.9;40.2;32.3;37.9;45.6;36.2;29.3;22;26.3;39.8;20.5
4500;07.02.1999 Transplantationsmedizin;42.6;37.7;45.5;30.3;34.6;37.3;42.5;33.6;41.4;31.9;42.1;46.3;41.5;59.6;44.2;37.8;39.9;31.7;37.6;45.4;36.2;29.3;22;26.3;39.6;20.5
4490;07.02.1999 Wählbarkeit in den Bundesrat;42.7;37.7;45.6;30.5;34.6;37.3;42.6;33.5;41.4;31.9;42.1;46.3;41.5;59.6;44.1;37.6;39.9;31.7;37.7;45.4;36.2;29.3;22;26.3;39.6;20.5
4480;29.11.1998 Arbeitsgesetz;40.7;37.6;40.4;38.2;34.4;49.3;43.2;31.7;39;35.5;39.5;44.6;36.1;62.5;42.7;34.2;36.4;33.1;39.3;39.9;34.5;34.5;31.4;30.3;41;40.7
4470;29.11.1998 Vernünftige Drogenpolitik;41.4;37.6;40.6;38.6;34.4;49.5;43.6;31.7;39.2;35.6;39.6;45;36.3;62.8;43.3;34.4;37.1;33.7;39.7;40.1;34.5;34.5;31.4;30.3;41.1;40.8
4460;29.11.1998 Getreideartikel;40.5;37.6;40.4;38.1;34.4;49.2;43.2;31.7;38.9;35.4;39.5;44.4;36;62.6;42.7;34.2;36.3;32.9;39.1;39.8;34.5;34.5;31.5;30.3;40.8;40.7
4450;29.11.1998 Finanzierung öffentlicher Verkehr (FinöV);41.2;37.6;40.6;38.6;34.4;49.5;43.5;31.7;39.3;35.5;39.6;44.8;36.3;62.8;43.4;34.4;37;33.7;39.6;40;34.5;34.5;31.5;30.3;41;40.8
4440;27.09.1998 10. AHV-Revision ohne Erhöhung Rentenalter;49.4;53.6;60.1;54.2;50.8;57.9;59.9;50.4;57.5;56.9;56.6;55.6;52.1;70.5;60;58.9;54.2;45.9;50.9;54.9;41.1;46.1;47;47.2;48.6;55.2
4430;27.09.1998 Kleinbauern-Initiative;49.2;53.6;60.2;54.1;50.8;58;59.9;50.4;57.5;56.9;56.6;55.3;51.9;70.5;60.1;59.1;54;45.7;50.8;54.9;41.1;46.1;47;47.2;48.4;55.2
4420;27.09.1998 Leistungsabhängige Schwerverkehrsabgabe (LSVA);49.7;53.6;60.3;55;50.9;58.1;60.2;50.5;57.8;56.9;56.8;55.7;52.3;70.6;60.6;59.2;54.7;46.5;51.2;55.1;41.1;46.1;47;47.2;48.5;55.2
4410;07.06.1998 S.o.S.-Initiative;44.2;38.7;45.5;33;36.7;35.4;40.8;47.2;44.6;34.6;45.6;53.9;44.3;63.6;45.8;34.3;39.5;33.4;37.7;41.3;30.1;34.8;45.8;35.5;51.4;32.1
4400;07.06.1998 Gen-Schutz-Initiative;44.8;38.7;45.8;33.6;36.8;35.6;41.6;47.6;45.3;34.7;45.7;54.4;45.2;63.7;46.6;34.5;40;34.3;38.2;41.6;30.1;34.9;45.8;35.5;51.6;32.2
4390;07.06.1998 Haushaltsziel 2001;43.9;38.7;45.5;33;36.7;35.3;41;47.2;44.7;34.6;45.5;53.7;44.5;63.5;45.8;33.7;39.4;33.2;37.6;41.3;30.1;34.9;45.8;35.5;51.2;32.1
4380;28.09.1997 Jugend ohne Drogen;44.1;36.8;43.1;30.7;31.1;31.1;40;31.7;46.8;39.6;51.7;48.8;47.4;64.4;61.3;34.2;38.9;30.2;40.9;40;33.5;37;35.9;37.3;47.6;38.8
4370;28.09.1997 Finanzierung der Arbeitslosenversicherung;43.5;36.8;43;30.5;31.1;30.9;39.8;31.6;46.4;39.5;51.6;48.3;47.2;64.2;60.6;34.1;38.6;29.8;40.5;39.9;33.5;37;35.9;37.3;47.6;38.8
4360;08.06.1997 Aufhebung Pulverregal;38.7;33.3;39.2;34;35.2;31.7;47.4;28.9;38.9;29.7;49.7;42.7;35.7;59.9;41.6;31.3;37.1;24;31.4;37.8;23.9;24;52.7;23.9;36.4;24.8
4350;08.06.1997 Kriegsmaterial-Initiative;39.1;33.3;39.4;34.8;35.2;31.8;47.8;28.9;38.9;29.8;50;43;36;60.2;42.1;31.4;37.6;24.5;31.6;38;23.9;24;52.7;23.9;36.6;24.9
4340;08.06.1997 EU-Beitrittsverhandlungen vors Volk;39.1;33.3;39.3;34.5;35.2;31.8;47.6;29;39.1;29.7;50;43;36;60.1;42;31.3;37.5;24.4;31.6;37.9;23.9;24;52.8;23.9;36.6;24.8
4330;01.12.1996 Arbeitsgesetz;49.6;46.1;49.9;44.3;42.5;39.8;49.5;37.1;48.5;45.5;48.2;55.6;45.2;66;44.2;41.2;42.4;38;39.4;43.5;42.7;42;74.6;44.7;42.7;50.8
4320;01.12.1996 Gegen die illegale Einwanderung;49.8;46.1;49.8;44.1;42.5;39.8;49.5;37.1;48.5;45.5;48.2;55.7;45.3;66;44.2;41.1;42.4;37.9;39.4;43.4;42.7;42;74.6;44.7;42.7;50.7
4310;09.06.1996 Regierungs- und Verwaltungsorganisationsgesetz;33.6;28.6;38;24.9;26.6;32.4;33.2;25.1;32.7;33.4;36.5;47.8;29.2;54.7;42.6;27.2;32.8;21.2;26.4;28.4;15.8;30.8;13.8;23.7;52.5;39.2
4300;09.06.1996 Landwirtschaftsartikel;33.8;28.6;38.1;24.8;26.7;32.4;33.2;25.1;33.2;33.4;36.5;48.1;29.3;54.6;42.9;27.2;32.9;21.3;26.4;28.4;15.8;30.8;13.8;23.7;52.4;39.4
4290;10.03.1996 Aufhebung Beiträge an Bahnhofparkplätze;31.8;30.9;33.5;43.3;26.2;27.8;42.2;40.7;33.9;46.2;31.5;38.3;28.7;62.5;34.1;25.9;30.9;28.7;33.4;33.2;34.1;17.7;17.4;23.4;32.4;31.8
4280;10.03.1996 Übernahme von Branntwein und Brennapparaten;31.8;30.9;33.4;43;26.2;27.8;42;40.7;33.8;46.1;31.5;38.2;28.6;62.4;34;25.9;30.8;28.4;33.3;33.1;34.1;17.7;17.4;23.4;32.3;31.9
4270;10.03.1996 Persönliche militärische Ausrüstung;31.8;30.9;33.5;44;26.2;27.8;42.1;40.6;33.9;46.2;31.5;38.3;28.7;62.4;34.1;25.8;31;29;33.6;33.2;34.1;17.7;17.4;23.4;32.3;31.9
4260;10.03.1996 Übertritt Vellerat zum Kanton Jura;31.8;30.9;33.5;43.5;26.2;27.8;42.2;40.7;33.9;46.2;31.4;38.4;28.7;62.4;34;25.9;31;28.7;33.5;33.2;34.1;17.7;17.4;23.3;32.3;32.1
4250;10.03.1996 Sprachenartikel;31.9;30.9;33.5;43.4;26.2;27.8;42.1;40.7;33.9;46.2;31.5;38.4;28.6;62.4;34.2;25.9;31;29.6;33.6;33.2;34.1;17.7;17.4;23.4;32.3;31.9
4240;25.06.1995 Erwerb von Grundstücken durch Ausländer;45;38.4;40;36.2;35.3;37.3;66.1;36.4;44.2;37.2;49.2;48.7;41.5;62.4;44.9;34.7;38;30;34.5;42.5;35.4;37.6;34.7;40.6;42.4;45.9
4230;25.06.1995 Ausbau von AHV und IV;45;38.4;40;36.2;35.3;37.4;66.1;36.3;44.2;37.2;49.3;49;41.6;62.4;44.8;34.7;38;30;34.5;42.5;35.4;37.6;34.7;40.6;42.4;46
4220;25.06.1995 10. AHV-Revision;45.3;38.4;40;36.3;35.3;37.4;66.2;36.4;44.2;37.2;49.3;49.2;41.6;62.4;44.9;34.7;38.1;30.2;34.6;42.5;35.4;37.6;34.7;40.6;42.5;46.1
4210;12.03.1995 Ausgabenbremse;48.2;39.3;45.5;34.9;33.5;35.4;38.6;37;42.1;33.6;38.6;40.4;37.6;66;47.1;44.2;39.9;31.6;34.3;46;26.6;28;22.3;28.5;27.9;30.3
4200;12.03.1995 Landwirtschaftsgesetz;48.4;39.3;45.5;35;33.5;35.4;38.6;37;42.2;33.6;38.6;40.4;37.7;65.9;47.3;44.4;40.1;32.1;34.4;46.1;26.6;28;22.3;28.6;27.8;30.4
4190;12.03.1995 Milchwirtschaftsbeschluss;48.4;39.3;45.5;35.1;33.5;35.4;38.7;37;42.2;33.6;38.6;40.5;37.7;66.1;47.3;44.3;40.2;32.2;34.4;46.1;26.6;28.1;22.3;28.6;28;30.4
4180;12.03.1995 Landwirtschaftsartikel;48.4;39.3;45.5;35;33.5;35.4;38.6;37;42.2;33.6;38.6;40.4;37.7;66.1;47.4;44.3;40.1;32.3;34.4;46.1;26.6;28.1;22.3;28.6;27.9;30.4
4170;04.12.1994 Zwangsmassnahmen im Ausländerrecht;48.4;44.3;46.3;42;40.3;39.9;43.5;37.3;47.4;37.8;50.4;49.3;46.5;66.1;49.7;44;43.7;31.3;40.7;44.6;38.8;38.7;38.9;38.7;50;37.8
4160;04.12.1994 Für eine gesunde Krankenversicherung;48.2;44.3;46.3;42.1;40.4;39.8;43.5;37.2;47.3;37.8;50.4;49.2;46.4;66;49.6;44.1;43.6;31.3;40.6;44.6;38.8;38.7;38.9;38.7;50;37.9
4150;04.12.1994 Krankenversicherungsgesetz;48.2;44.3;46.2;41.8;40.4;39.8;43.5;37.3;47.4;37.7;50.4;49.3;46.5;66;49.6;43.8;43.6;31.3;40.6;44.6;38.8;38.7;38.9;38.7;50;37.9
4140;25.09.1994 Antirassismusgesetz;51.3;44.9;49.5;46.2;44.5;42;47.5;39.4;51.3;39.2;55.3;52.2;49.4;69.5;52.3;44;47.4;37.1;47;48.6;40.1;38.2;37.3;38.5;41.3;33.6
4130;25.09.1994 Aufhebung Brotgetreideverbilligung;50.3;44.9;49.5;45.3;44.5;41.8;47.1;39.3;50.9;39;55.3;51.3;48.8;69.3;51.7;43.8;46.5;36.3;46.4;48.3;40.1;38.2;37.3;38.5;41.3;33.4
4120;12.06.1994 UNO-Blauhelme;48.6;49.9;48.3;42.1;45.4;42.5;47.5;48.4;53.3;39.1;54.1;53.2;48;69.2;56;47.8;49.8;35.1;43.6;48.9;50.1;35.9;51.9;37.5;41.3;33
4110;12.06.1994 Erleichterte Einbürgerung für junge Ausländer;48.6;49.9;48.3;41.9;45.4;42.5;47.5;48.4;53.3;39.2;54.1;53.2;48;69.1;55.9;47.8;49.7;34.9;43.6;49;50.1;35.9;51.9;37.4;41.3;32.9
4100;12.06.1994 Kulturförderungsartikel;48.3;49.9;48.3;41.7;45.4;42.5;47.4;48.3;53.2;39.1;54.1;52.9;47.7;69.1;55.6;47.7;49.2;34.6;43.4;48.8;50.1;35.9;51.9;37.4;41.3;32.9
4090;20.02.1994 Luftfahrtgesetz;44.6;41;43.6;57.6;43;42.5;47.9;41.6;49.5;32.7;48;44.2;43.5;68;50.6;40.1;42.7;40.2;40;46.8;38.1;27.8;38.1;31.4;31.3;27
4080;20.02.1994 Alpen-Initiative;44.9;41;43.6;60;43;42.5;48.3;41.7;49.7;32.7;48;44.5;43.7;68.1;51.2;40.3;43.2;41.3;40.3;46.9;38.1;27.8;38.1;31.4;31.3;27
4070;20.02.1994 Einführung leistungsabhängige Schwerverkehrsabgabe;44.8;41;43.6;58.5;43;42.5;48.1;41.7;49.7;32.7;48;44.3;43.6;68.1;51;40.2;43;40.5;40.2;46.9;38.1;27.8;38.1;31.4;31.3;27
4060;20.02.1994 Weiterführung Schwerverkehrsabgabe;44.9;41;43.6;58.7;43;42.5;48.1;41.7;49.7;32.7;48;44.4;43.6;68.1;51.1;40.2;43.1;40.7;40.3;46.9;38.1;27.8;38.1;31.4;31.3;27
4050;20.02.1994 Weiterführung Autobahnvignette;44.9;41;43.6;58.7;43;42.5;48.2;41.7;49.6;32.8;48;44.4;43.7;68.1;51.1;40.2;43.1;40.8;40.3;46.9;38.1;27.8;38.1;31.4;31.3;27
4040;28.11.1993 Verminderung Tabakprobleme;48.5;47.6;44.8;36.9;40.5;40.5;46.5;40;49.5;41.1;53;49.5;48.5;69.6;52.6;45.9;46.7;37.4;42;46.9;38.5;41.7;42.7;42.9;42;41
4030;28.11.1993 Verminderung Alkoholprobleme;48.5;47.6;44.8;36.9;40.5;40.5;46.5;40;49.6;41.1;53;49.4;48.4;69.5;52.6;45.9;46.7;37.5;42;46.9;38.5;41.7;42.7;42.9;42;41.1
4020;28.11.1993 Besondere Verbrauchssteuern;48.3;47.6;44.8;36.8;40.5;40.4;46.3;40;49.4;41;53;49.2;48.3;69.4;52.1;45.8;46.4;37.2;41.8;46.8;38.5;41.7;42.7;42.8;42;41
4010;28.11.1993 Mehrwertsteuer-% für AHV;48.2;47.6;44.7;36.8;40.5;40.4;46.4;40;49.4;41.1;53;49.2;48.3;69.4;52.1;45.8;46.5;37.2;41.8;46.8;38.5;41.7;42.7;42.8;42;41
4000;28.11.1993 Mehrwertsteuer Satz 6,5%;48.2;47.6;44.8;36.8;40.5;40.5;46.3;40;49.4;41.1;53;49.2;48.4;69.4;52.1;45.8;46.4;37.3;41.8;46.9;38.5;41.7;42.7;42.8;42;40.9
3990;28.11.1993 Einführung Mehrwertsteuer;48.3;47.6;44.7;36.8;40.5;40.5;46.4;40;49.4;41.1;53;49.3;48.3;69.4;52.2;45.5;46.6;37.3;41.9;46.9;38.5;41.7;42.7;42.8;42;41
3980;26.09.1993 Massnahmen in der Arbeitslosenversicherung;46.6;42.4;36.9;33;30.5;32.3;36.5;31.3;46.2;33.8;50.6;44;49.2;65.1;47.9;36.1;38.3;28.3;41.5;37.3;32.5;31.4;28.9;31.5;34.1;34.1
3970;26.09.1993 Befristete Massnahmen in der Krankenversicherung;46.7;42.4;36.8;33.1;30.5;32.4;36.4;31.3;46.2;33.8;50.6;44.1;49.3;65.3;48;36;38.4;28.4;41.5;37.3;32.5;31.4;28.9;31.5;34.1;34.1
3960;26.09.1993 1. August-Initiative;47;42.4;36.9;33.3;30.5;32.4;36.5;31.3;46.3;33.9;50.6;44.2;49.5;65.3;48.2;36.1;38.6;28.5;41.8;37.4;32.5;31.4;28.9;31.5;34.1;34.2
3950;26.09.1993 Kantonswechsel Laufental zu Basel-Landschaft;45.9;42.4;36.8;32.5;30.5;32.4;36.4;31.2;45.9;33.6;50.6;44;49.4;65;47.1;36;37.4;27.5;41.2;37.1;32.5;31.4;28.9;31.5;34.1;34.1
3940;26.09.1993 Waffenmissbrauch;46.9;42.4;36.9;33.2;30.5;32.3;36.5;31.3;46.1;33.9;50.6;44.2;49.4;65.4;48.3;36.1;38.5;28.4;41.7;37.3;32.5;31.4;28.9;31.5;34.1;34.1
3930;06.06.1993 Schweiz ohne neue Kampfflugzeuge;58.5;57.9;57.9;55.4;50.6;54.3;63.6;51.7;61.6;51.9;62.4;57.4;57.8;76.6;62.8;53.9;57.9;45.1;52.3;56.5;55.3;48.4;46.6;48.7;54.4;54.2
3920;06.06.1993 40 Waffenplätze sind genug;58.5;57.9;57.9;55.3;50.7;54.3;63.6;51.7;61.6;51.9;62.4;57.4;57.8;76.6;62.9;53.8;57.9;45.1;52.3;56.4;55.3;48.5;46.6;48.7;54.4;54.2
3910;07.03.1993 Abschaffung der Tierversuche;49.8;53;48.7;41.9;46.6;44.8;52.6;46.6;57.1;51.1;58;52.6;54.5;72.4;57.4;49.5;50.9;39.1;50.9;54.1;52.2;45.1;67.5;47.5;46.9;44.5
3900;07.03.1993 Aufhebung Spielbankenverbot;49.8;53;48.7;41.9;46.6;44.8;52.6;46.6;57.2;51;58;52.5;54.5;72.4;57.5;49.5;51;39;50.9;54.1;52.2;45.1;67.5;47.5;46.9;44.5
3890;07.03.1993 Erhöhung Treibstoffzoll;49.9;53;48.7;42;46.6;44.8;52.6;46.6;57.2;51.1;58;52.6;54.4;72.5;57.5;49.5;51.1;39.2;51;54.1;52.2;45.1;67.5;47.5;46.9;44.5
3880;06.12.1992 EWR-Beitritt;80.5;78.7;80.9;78.4;83.2;81.8;84.1;79.7;87.2;76.4;83.7;72.4;80.1;85.5;82.5;84.7;81.2;75.7;76.2;80;76.2;72.7;87.2;74.8;73.5;75.6
3870;27.09.1992 Bäuerliches Bodenrecht;50.8;46.9;48.3;51.5;46.4;43.3;46.8;41.7;55.5;36.3;53;43.1;49.7;68.3;55.4;48.1;49.5;39.7;43.2;47.7;45.8;36.9;37.8;33.3;40.1;33.3
3860;27.09.1992 Stempelabgaben;51.1;46.9;48.3;50.8;46.4;43.3;46.8;41.7;55.3;36.4;53;43.2;49.7;68.5;55.1;48.5;49.5;39.1;43.2;47.6;45.8;36.9;37.8;33.4;40.1;33.3
3850;27.09.1992 Infrastrukturgesetz;50.6;46.9;48.2;49.8;46.4;43.2;46.5;41.6;54.8;36.3;53;43;49.1;68.2;54.9;48.5;48.9;38.5;43.1;47.5;45.8;36.9;37.8;33.3;40.1;33.3
3840;27.09.1992 Entschädigungsgesetz;50.8;46.9;48.3;50.6;46.4;43.3;46.6;41.6;55.1;36.3;53;43.1;49.5;68.6;54.9;48.6;48.9;38.8;43.2;47.5;45.8;36.9;37.8;33.4;40.1;33.2
3830;27.09.1992 Geschätsverkehrsgesetz;50.2;46.9;48.3;50;46.4;43.3;46.4;41.5;54.9;36.3;53;43;49.4;68.5;54.3;48.5;48.8;38.4;43;47.4;45.8;36.9;37.8;33.4;40.1;33.3
3820;27.09.1992 Alpentransit-Beschluss (NEAT);51.6;46.9;48.3;52.7;46.5;43.3;47;41.8;55.4;36.4;53;43.6;50;68.7;55.8;48.7;50.1;39.9;43.4;47.8;45.8;36.9;37.8;33.4;40.1;33.3
3810;17.05.1992 Reform Sexualstrafrecht;45;39.5;40;36.6;40.5;41.8;43.8;41.2;47;31;50.6;42.4;43.3;68.4;48.9;36.6;38.9;38.7;33.7;39.3;30.2;30.6;32.7;34.7;32.3;48.8
3800;17.05.1992 Zivildienst für Dienstverweigerer;45.1;39.5;40;36.9;40.7;41.9;43.9;41.2;47.1;31;50.6;42.5;43.2;68.6;49.2;36.8;39.1;39.1;33.8;39.4;30.2;30.6;32.7;34.7;32.3;48.9
3790;17.05.1992 Fortpflanzungs- und Gentechnologie;45;39.5;40;37;40.6;41.9;43.8;41.2;47.8;31;50.6;42.4;43.3;68.5;48.9;36.7;39;38.9;33.8;39.4;30.2;30.6;32.7;34.6;32.3;48.7
3780;17.05.1992 Gewässerschutz-Initiative;45;39.5;40;37.6;40.6;41.9;43.8;41.3;47;31;50.6;42.3;43.3;68.5;49.2;36.7;39;39.8;33.7;39.4;30.2;30.6;32.7;34.7;32.3;48.8
3770;17.05.1992 Gewässerschutzgesetz;45;39.5;40;37.5;40.6;41.8;43.8;41.3;47.9;31;50.6;42.3;43.3;68.5;49;36.8;39;39.7;33.7;39.3;30.2;30.6;32.7;34.7;32.3;48.9
3760;17.05.1992 Mitwirkung an den Institutionen von Bretton Woods;44.1;39.5;40;36;40.5;41.7;43.4;40.9;46.5;30.8;50.5;41.9;42.7;68;47.9;36.3;38.1;37.2;33.4;38.9;30.2;30.6;32.6;34.6;32.3;48.4
3750;17.05.1992 Beitritt zu den Institutionen von Bretton Woods;44.1;39.5;40;36;40.6;41.7;43.5;40.9;46.2;30.8;50.5;41.9;42.9;68.1;47.9;36.4;38.1;37.2;33.4;38.9;30.2;30.6;32.6;34.6;32.3;48.4
3740;16.02.1992 Weg vom Tierversuch;49.1;45.5;44.1;38.8;39.2;36.7;40.2;41.5;52.5;36.3;52.5;54.4;50.6;70.8;51.8;44.7;42.9;35.1;38.5;43.3;58.9;34.5;37.3;38.5;41.3;34.8
3730;16.02.1992 Krankenkasseninitiative;48.8;45.5;44.1;38.8;39.2;36.7;40.1;41.4;52.4;36.3;52.5;54.3;50.4;70.7;51.4;44.6;42.7;35;38.4;43.2;58.9;34.4;37.3;38.5;41.3;34.8
3720;02.06.1991 Militärstrafgesetz;39.1;27.7;49.6;29.3;30.9;30.2;31;29.3;38;26.4;42.3;33.5;39;67.4;40.4;29.8;32.9;25.6;28;36;25.5;27.7;26.1;31.9;34.5;29.9
3710;02.06.1991 Neuordnung Bundesfinanzen (Einführung Mehrwertsteuer);38.9;27.7;49.6;29.2;30.9;30.1;30.9;29.3;37.9;26.4;42.3;33.4;38.9;68.2;40.3;29.8;32.7;25.6;28;36;25.5;27.7;26.1;31.9;34.5;29.7
3700;03.03.1991 Förderung öffentlicher Verkehr;33.7;26.2;31.3;34.8;27;30.5;30.4;28.4;36.6;50.7;44.6;37.8;36.8;60.3;38.9;35.2;35.1;24.9;25.2;43.1;29.2;22.5;24.8;23.5;25.9;24.7
3690;03.03.1991 Stimmrecht für 18-jährige;33.8;26.2;31.3;35.1;26.9;30.6;30.4;28.4;36.6;50.8;44.6;37.9;37;60.4;39;35.2;35.3;25;25.2;43.2;29.2;22.5;24.8;23.5;25.9;24.7
3680;23.09.1990 Strassenverkehrsgesetz;44.7;38.5;41.1;39;35.6;39;44.5;39.9;49.7;36.3;53.5;44.2;47.9;68.8;46.2;39.1;40.4;36.7;38.6;43.4;38.6;30.4;29.1;41.8;35.7;31.6
3670;23.09.1990 Energieartikel;44.9;38.5;41.1;39.1;35.6;39;44.6;39.9;49.7;36.2;53.5;44.3;48;69;46.5;39;40.4;36.8;38.6;43.4;38.6;30.4;29.1;41.8;35.7;31.6
3660;23.09.1990 Moratorium Atomkraftwerkbau;45.1;38.5;41.1;39.2;35.6;39.1;44.7;40;50;36.3;53.5;44.4;48.1;69.2;46.8;39.1;40.6;37.2;38.8;43.5;38.6;30.4;29.1;41.7;35.7;31.6
3650;23.09.1990 Ausstieg Atomenergie;45.1;38.5;41.1;39.1;35.6;39.1;44.7;40;49.8;36.3;53.5;44.3;48.1;69.1;46.7;39.1;40.6;37.1;38.7;43.5;38.6;30.4;29.1;41.7;35.7;31.6
3640;01.04.1990 Organisation der Bundesrechtspflege;47.7;38.2;44.8;39.4;41.3;52.7;57.9;38.3;60.9;40.4;59;42.8;42;70.9;46.2;43.2;39.2;36.8;36;45;29.1;33.2;32;39.4;27.5;32
3630;01.04.1990 Rebbaubeschluss;48.1;38.2;44.8;39.2;41.3;52.6;57.9;38.4;60.9;40.4;59;42.7;42.1;71;46.2;43.2;39.3;37;36;45.2;29.1;33.2;32;39.4;27.5;32.1
3620;01.04.1990 Freie Aarelandschaft Biel-Solothurn;48.7;38.2;44.8;40.3;41.3;52.9;58.2;38.5;61.5;40.6;59;43.1;42.3;71.2;46.8;43.4;39.9;37.4;36.3;45.3;29.1;33.2;32;39.4;27.5;32.1
3610;01.04.1990 Autobahnfreies Kononauer Amt;49;38.2;44.8;40.7;41.3;52.8;58.4;38.5;61.6;40.6;59;43.1;42.4;71.2;46.8;43.4;39.9;37.5;36.4;45.3;29.1;33.3;32;39.4;27.5;32.1
3600;01.04.1990 Autobahnfreie Landschaft Murten-Yverdon;48.8;38.2;44.8;40.5;41.3;52.9;58.2;38.5;61.5;40.7;59;43.1;42.4;71.2;46.8;43.5;39.9;37.5;36.4;45.4;29.1;33.2;32;39.4;27.5;32.1
3590;01.04.1990 Begrenzung des Strassenbaus;48.9;38.2;44.8;40.4;41.3;53;58.3;38.5;61.5;40.7;59;43.1;42.4;71.2;46.8;43.4;40;37.8;36.4;45.4;29.1;33.3;32;39.4;27.5;32.1
3580;26.11.1989 Pro Tempo 130/100;71.5;71.4;71.8;66.2;67;70.7;74.5;68.4;78.4;67.9;76.3;65.8;71.1;82.3;71.1;70.1;70.4;65.2;66.2;72.9;63.7;64.1;66.3;65.9;60.2;70.9
3570;26.11.1989 Schweiz ohne Armee;71.6;71.4;71.8;66.3;67;70.6;74.5;68.4;78.3;68;76.3;65.9;71.2;82.4;71.2;70.1;70.4;65.6;66.2;72.9;63.7;64.1;66.3;65.9;60.2;70.9
3560;04.06.1989 Kleinbauern-Initiative;38.6;33.9;48.2;33.3;38.5;38.8;37.2;32.9;49.3;34.3;64.2;33.9;34.6;67.2;42.3;45;40.7;34.3;32;42.6;35.8;20.3;25.7;24.5;29.8;20.3
3550;04.12.1988 Begrenzung der Einwanderung;54.8;50.6;52.4;45.3;50.9;50.1;53.8;50.3;63.2;51.7;58.7;52.7;55.8;72.4;55.8;57.4;50.7;46.6;45.5;55.8;48.5;48.2;81.7;49.3;48.7;49.2
3540;04.12.1988 Herabsetzung Arbeitszeit;54.8;50.6;52.4;45.5;50.9;50.1;53.9;50.3;63.2;51.7;58.7;52.8;55.8;71.9;55.8;57.5;50.7;46.7;45.6;55.9;48.5;48.2;81.8;49.3;48.7;49.2
3530;04.12.1988 Gegen die Bodenspekulation;54.7;50.6;52.4;45.3;50.9;49.9;53.9;50.2;63.2;51.7;58.7;52.6;55.7;72.1;55.7;57.5;50.8;46.6;45.5;55.9;48.5;48.2;81.7;49.3;48.7;49.2
3520;12.06.1988 Herabsetzung AHV-Rentenalter;47.9;39.2;47;38.4;40.2;41.5;41.5;42.2;60.8;36.1;53.2;42.2;47.5;68.1;47.8;39.9;41.7;38.5;36.6;45.1;42.6;32.6;30.2;39.2;38.6;45.2
3510;12.06.1988 Koordinierte Verkehrspolitik;47.6;39.2;47;38.3;40.2;41.5;41.6;42.2;60.7;36.1;53.2;41.9;47.2;68;47.6;39.7;41.3;37.8;36.6;45;42.6;32.6;30.2;39.2;38.6;45.1
3500;06.12.1987 Rothenthurm-Initiative;50;50.5;50.6;46.6;52.3;44.2;52;47.7;58.4;45.6;62;50.7;49.7;71.5;53.9;54.6;47.8;39.6;43.9;49.3;39.3;41.6;41.7;43.8;34.6;50
3490;06.12.1987 Krankenversicherungsgesetz;50;50.5;50.6;46.3;52.3;44.2;51.9;47.7;58.4;45.6;62;50.7;49.7;71.5;53.9;54.6;47.8;39.9;43.9;49.3;39.3;41.5;41.7;43.9;34.6;50
3480;06.12.1987 Bahn 2000;50;50.5;50.6;46.3;52.3;44.2;52;47.7;58.4;45.6;62;50.8;49.7;71.5;53.9;54.6;47.9;39.8;44;49.4;39.3;41.5;41.7;43.8;34.6;50
3470;05.04.1987 Initiativen mit Gegenentwurf;48;38.7;45.7;45.6;36.9;34.5;44.2;34.5;46.7;34.8;48.8;45.1;43.9;69.2;41.6;37.4;36.1;33.9;38.7;45.5;68.7;33.1;30.6;37.1;42.6;41.4
3460;05.04.1987 Rüstungsreferendum;48.5;38.7;45.7;46;36.9;34.5;44.3;34.5;46.9;34.8;48.8;45.2;43.8;70.3;41.8;37.5;36.4;34.2;38.9;45.6;68.7;33.1;30.6;37.1;42.6;41.4
3450;05.04.1987 Ausländergesetz;47.8;38.7;45.7;45.4;36.9;34.4;44.1;34.5;46.6;34.8;48.8;45.2;43.7;70;41.4;37.4;36.1;33.9;38.7;45.5;68.7;33.1;30.6;37.1;42.6;41.2
3440;05.04.1987 Asylgesetz;48.3;38.7;45.7;45.8;36.9;34.4;44.2;34.5;46.7;34.9;48.8;45.2;43.8;70.2;41.7;37.4;36.5;34.3;38.9;45.5;68.7;33.1;30.6;37.1;42.6;41.5
3430;07.12.1986 Besteuerung Schwerverkehr;38.1;33.4;36.5;44;41.9;30.6;35.6;33.5;41.7;44.4;40.2;38.6;33.5;68.5;39.5;33.8;32.8;29.4;30.1;38.1;28.3;30.1;25.8;33.6;32.7;25.7
3420;07.12.1986 Mieterschutz;37.9;33.4;36.6;43.4;41.9;30.6;35.6;33.5;41.9;44.3;40.2;38.6;33.5;68.5;39.5;33.9;32.9;29.1;30.1;38;28.3;30.1;25.8;33.6;32.7;25.7
3410;28.09.1986 Zuckerbeschluss;39.5;35.2;40.2;36.4;32.8;32.6;35.5;32.8;43.7;34.4;46;32.4;40.1;69.7;43.9;39.8;36;29.5;35.1;44.8;24;24.9;27.9;25.4;19.4;41.3
3400;28.09.1986 Berufsbildung und Umschulung;39.3;35.2;40.2;36.1;32.8;32.6;35.5;32.8;43.6;34.3;46;32.3;40;69.5;43.8;39.7;35.9;28.8;35;44.7;24;24.9;27.9;25.4;19.4;41.2
3392;28.09.1986 Gegenentwurf zur Kulturinitiative;39.1;35.2;40.2;35.9;32.8;32.6;35.3;32.8;43.8;34.3;46;32.3;40;69.5;43.7;39.5;35.6;28.7;34.9;44.5;24;24.9;27.9;25.3;19.4;41.2
3391;28.09.1986 Kulturinitiative;39.1;35.2;40.2;35.9;32.8;32.6;35.3;32.8;43.8;34.3;46;32.3;40;69.5;43.7;39.5;35.6;28.7;34.9;44.5;24;24.9;27.9;25.3;19.4;41.2
3380;16.03.1986 UNO-Beitritt;54.6;51.3;57.3;51.9;50.3;62.7;58.7;64.1;61.9;49.8;58.4;47.6;52.2;75.5;54.7;57;51.1;43.2;49.3;58.4;43;40.8;43.2;45.1;45.9;36.4
3370;01.12.1985 Abschaffung der Vivisektion;46.4;36.1;35.6;46.4;35.5;28.8;35.4;32.7;50.2;36.1;51.3;45.2;44.8;68.2;41.5;37.8;33.2;31.9;29.7;40.9;27.7;35.2;32.8;32.8;28.7;29.3
3360;22.09.1985 Neues Eherecht;48.5;40.6;46.3;40.5;41.2;37.8;44.2;41.7;52.6;31.4;52.8;38.8;47.4;73;45.7;38.6;41.8;38.8;45.7;47.8;31.4;28.8;30.7;30.7;26.9;27.8
3350;22.09.1985 Innovationsrisikogarantie;47.9;40.6;46.3;40.1;41.1;37.7;44;41.6;52.4;31.3;52.8;38.6;47;72.8;45.1;38.5;41.3;37.9;45.3;47.5;31.4;28.8;30.7;30.6;26.9;27.7
3340;22.09.1985 Koordination Schuljahresbeginn;48.3;40.6;46.3;40.6;41.1;37.8;44.3;41.8;52.6;31.4;52.8;38.8;46.2;73;45.5;38.7;41.7;38.6;45.6;47.8;31.4;28.8;30.7;30.7;26.9;27.8
3330;09.06.1985 Selbstversorgung mit Brotgetreide;45.1;31.7;39.5;37.3;35.2;39.5;36.8;35.1;41.8;28.8;66.4;35.5;34.5;66.6;37.8;32.4;34.2;29.2;29.2;37.3;29.1;24.7;29.7;26.5;24.1;26.4
3320;09.06.1985 Neuverteilung Alkoholabgabe;44.8;31.7;39.5;36.9;35.2;39.6;36.7;35.1;41.7;28.8;66.4;35.5;34.7;66.7;37.8;32.3;34.1;29;29.2;37.3;29.1;24.7;29.7;26.5;24.1;26.4
3310;09.06.1985 Kantonsanteil Stempelabgaben;44.9;31.7;39.5;36.8;35.2;39.5;36.8;35.1;41.8;28.7;66.4;35.4;34.6;66.6;37.7;32.2;34;29;29.2;37.3;29.1;24.7;29.7;26.5;24.1;26.5
3300;09.06.1985 Recht auf Leben;46.3;31.7;39.5;38.5;35.2;39.7;37.3;35.2;42.3;29;66.4;35.9;35;66.9;38.4;32.8;35.2;30.6;29.6;37.5;29.1;24.7;29.7;26.5;24.1;26.6
3290;10.03.1985 Verlängerung bezahlte Ferien;41.2;29.4;33.7;35;30.8;32.9;32.6;31.9;41.3;28.3;38.1;35.2;32.4;66.3;39.6;34.1;29.8;29.3;39.2;37.1;32.5;23.1;47.2;31;36.8;32.6
3280;10.03.1985 Ausbildungsbeiträge;40.5;29.4;33.7;34.9;30.8;32.9;32.5;31.9;41.1;28.3;38.1;35.1;32.3;66.1;39.2;34.1;29.5;28.9;38.9;37;32.5;23.1;47.2;30.9;36.8;32.5
3270;10.03.1985 Beiträge Gesundheitswesen;40.5;29.4;33.7;34.7;30.8;32.9;32.5;31.9;41;28.3;38.1;35.1;32.3;66;39.2;34;29.6;28.9;38.9;37;32.5;23.1;47.2;31;36.8;32.5
3260;10.03.1985 Beiträge Primarschulunterricht;40.4;29.4;33.7;34.8;30.8;32.9;32.5;31.9;41.2;28.3;38.1;35.1;32.3;66.1;39;34.1;29.5;28.8;38.8;37;32.5;23.1;47.2;31;36.8;32.5
3250;02.12.1984 Hilfe für Opfer von Gewaltverbrechen;40.8;36.9;36.5;36.9;36.2;38.6;37.4;33.4;49.5;29;38;35.6;36.3;71.8;42.2;35.8;34.7;37.9;33.5;36.6;28.7;31.4;77.1;32.2;29.1;27.8
3240;02.12.1984 Radio- und Fernsehartikel;40.6;36.9;36.4;36.5;36.2;38.5;37.4;33.4;49.4;29;38;35.5;36.2;71.5;41.8;35.7;34.6;37.5;33.3;36.6;28.7;31.4;77.1;32.2;29.1;27.8
3230;02.12.1984 Mutterschutz-Initiative;40.8;36.9;36.4;36.9;36.2;38.5;37.5;33.4;49.5;29.1;38;35.6;36.3;71.8;42.2;35.9;34.8;37.9;33.5;36.6;28.7;31.4;77.1;32.2;29.1;27.8
3220;23.09.1984 Umweltgerechte Energieversorgung;46.8;40;44.4;43.8;38.3;40.8;45.1;43.7;50.9;30.5;49.1;51;53.3;73.1;46.4;40.7;45;38.3;41.7;42.2;35;33.4;29.2;33.8;32.4;31.1
3210;23.09.1984 Zukunft ohne neue Atomkraftwerke;46.9;40;44.5;43.6;38.3;40.8;45.1;43.7;50.9;30.5;49.1;51;53.3;73.2;46.6;40.8;45.1;38.4;41.7;42.2;35;33.4;29.2;33.8;32.4;31.1
3200;20.05.1984 Gegen den Ausverkauf der Heimat;47.6;39.3;44.7;40.8;45.6;37.2;42;41.4;49;34.9;48.2;44.2;45.3;72.5;48;40.5;37.8;35;38.9;41.8;43.6;35.6;41.1;53.4;43.2;33.5
3190;20.05.1984 Banken-Initiative;47.8;39.3;44.7;40.3;45.6;37.2;42.1;41.4;48.9;34.9;48.2;44.3;45.4;72.2;48;40.5;37.8;35;38.9;41.9;43.6;35.6;41.2;53.4;43.2;33.5
3180;26.02.1984 Zivildienst-Initiative;55.9;53;55.4;53.7;51.6;52.5;58.7;55.5;62.2;52.9;58.9;52.3;54.5;78.5;57;53.9;51.6;45.2;52;57.5;51;47.7;43.3;52.4;44.6;48.5
3170;26.02.1984 Einführung Autobahnvignette;56;53;55.4;53.8;51.6;52.5;58.8;55.5;62.4;52.9;58.9;52.3;54.5;78.4;57;53.8;51.6;45.2;52;57.6;51;47.7;43.3;52.4;44.6;48.5
3160;26.02.1984 Erhebung Schwerverkehrsabgae;55.9;53;55.4;53.8;51.6;52.4;58.7;55.5;62.8;52.9;58.9;52.3;54.5;78;57;53.7;51.6;45.2;52;57.5;51;47.7;43.3;52.4;44.6;48.5
3150;04.12.1983 Erleichterung Einbürgerungen;44.2;38.9;31.7;32.7;34.4;30.2;31.3;32.2;39.5;27.7;43.3;35.2;28.5;69.6;33.5;31.1;28.5;30.7;29.6;37.4;34.1;27.1;39.1;37;35.4;23.3
3140;04.12.1983 Bürgerrechtsregelung;44.1;38.9;31.7;32.9;34.4;30.2;31.6;32.2;39.5;27.7;43.3;35.1;28.2;69.9;33.4;31.4;28.4;30.7;29.6;37.4;34.1;27.1;39.1;37;35.4;23.3
3130;27.02.1983 Energieartikel;40.3;29.7;40;39.2;34;34.1;38.7;34;44.4;26.2;38.7;30.3;34;70.4;39.6;35.9;33.2;31.1;33.4;43.2;26.3;20.2;23.3;21;19.3;25
3120;27.02.1983 Neuregelung Treibstoffzölle;40.4;29.7;40;39.4;34;34.1;38.7;34;44.5;26.2;38.7;30.3;34;70.4;39.7;35.9;33.3;31.3;33.4;43.2;26.3;20.2;23.3;21;19.3;25
3112;28.11.1982 Gegenentwurf zur Preisüberwachungs-Initiative;38.2;31.2;32.5;39.7;31.7;24.7;31.4;31.9;39.6;24.2;37.2;29.3;30.7;68.5;37.1;29.3;30.7;32.4;29.7;41.9;29.8;40.3;20.3;30.9;21.3;21.6
3111;28.11.1982 Preisüberwachungs-Initiative;38.2;31.2;32.5;39.7;31.7;24.7;31.4;31.9;39.6;24.2;37.2;29.3;30.7;68.5;37.1;29.3;30.7;32.4;29.7;41.9;29.8;40.3;20.3;30.9;21.3;21.6
3100;06.06.1982 Ausländergesetz;44.4;39.9;33.8;37.3;31.7;45.4;33.2;56.6;39.2;22.9;40.8;36.2;32.8;68.8;36.9;24.9;31.9;26.7;29.9;38.3;33.8;23.8;21.2;31.7;30;22.4
3090;06.06.1982 Strafgesetzbuch;44.4;39.9;33.8;37.4;31.7;45.5;33.3;56.6;38.9;22.9;40.8;36.2;32.8;68.7;37;25.7;31.9;26.8;29.9;38.4;33.8;23.8;21.2;31.7;30;22.4
3080;29.11.1981 Weiterführung Finanzordnung;40;28;38.4;40.1;32.8;30.7;31.6;31.9;43.6;25.2;35.1;22.7;26.7;66.9;37.5;30.1;28.6;28.2;25.3;37.1;26.8;21;20.9;23.6;24.3;22.2
3070;14.06.1981 Konsumentenschutzartikel;38.2;29.4;36.7;38.8;33.7;33.1;37.5;35.4;45.5;24.9;65.6;32.4;32.5;69.7;37;30.4;31.4;29.7;31.4;37.8;28.3;25.1;24.1;31.6;37.3;27.1
3060;14.06.1981 Gleichstellung von Mann und Frau;38.4;29.4;36.7;39;33.7;33.1;37.6;35.4;45.7;24.9;65.6;32.4;32.5;69.5;37.1;30.5;31.5;29.7;31.5;37.8;28.3;25.1;24.1;31.6;37.3;27.1
3050;05.04.1981 Neue Ausländerpolitik;42.9;33.2;42.4;47.5;38.2;38.1;42.7;41.9;48.7;38.7;37.7;36.5;38.8;70.9;39.6;41.5;35.8;39.9;34.6;43.2;48;36.7;46.1;50.4;45;32.7
3040;30.11.1980 Brotgetreideordnung;43.8;41.6;42.6;43.7;37.6;43.6;44.9;39.3;45.1;35.8;41.4;35.2;42.2;73.4;39.9;38.3;35.4;41.3;39.5;47.4;39.7;42.1;52.2;38.4;36.2;69.3
3030;30.11.1980 Alkoholeinnahmen;43.8;41.6;42.6;43.7;37.6;43.6;44.8;39.3;44.8;35.8;41.4;35.2;42.2;73.7;39.8;38.2;35.4;40.9;39.5;47.5;39.7;42;52.2;38.4;36.2;69.4
3020;30.11.1980 Kantonsanteil Stempelabgaben;43.7;41.6;42.6;43.5;37.6;43.6;44.9;39.3;45;35.8;41.4;35.2;42.2;73.2;39.8;38.3;35.2;41.2;39.5;47.4;39.7;42.1;52.2;38.4;36.2;69.4
3010;30.11.1980 Gurten- und Schutzhelmobligatorium;44.3;41.6;42.6;43.5;37.6;43.6;45;39.3;45.3;36;41.4;35.3;42.3;73.8;40.2;38.2;35.6;40.8;39.8;47.6;39.7;42.1;52.2;38.4;36.2;69.7
3000;02.03.1980 Neuordnung Landesversorgung;37;29.8;46.1;41;34.3;40.1;38.6;40.1;44;30.3;38.3;29.4;32.9;71.8;41.6;37.7;36.5;45.5;34.2;44.3;34.5;29.1;29.2;24.6;22.9;33.7
2990;02.03.1980 Trennung Kirche und Staat;37.3;29.8;46.2;42;34.3;40.2;38.7;40.2;43.9;30.3;38.3;29.5;32.9;71.9;41.8;38;37.2;47.6;34.5;44.4;34.5;29.1;29.3;24.6;22.9;33.8
2980;20.05.1979 Atomgesetz;43;35.2;40;44.7;38.2;37.1;42.7;38.6;44.2;30.5;41.4;37.6;36.7;72.1;42.6;36;35.7;36.3;36.4;42;39.5;32.6;26.5;35;33.5;32.5
2970;20.05.1979 Umsatz- und direkte Bundessteuer;43.1;35.1;40;44.9;38.3;37.1;42.8;38.7;44.2;30.5;41.4;37.5;36.7;72.2;42.7;36;35.7;36.5;36.5;42;39.5;32.6;26.5;35;33.5;32.5
2960;18.02.1979 Volksrechte und Atomsicherheit;54.5;49.2;53.7;56.9;47.2;51.7;55.4;52.1;58.5;40.5;55.9;48.3;54.9;77.5;52.4;46.8;48.6;46.3;51.9;56.4;46.3;41.1;37.9;44.7;41.9;39.8
2950;18.02.1979 Gegen Suchtmittelreklame;54.4;49.2;53.7;56.7;47.2;51.7;55.5;52.1;58.4;40.5;55.9;48.3;54.9;77.1;52.4;46.8;48.6;46.1;51.9;56.4;46.3;41.1;37.9;44.7;41.8;39.8
2940;18.02.1979 Fuss- und Wanderwege;54.4;49.2;53.7;56.6;47.2;51.7;55.5;52.1;58.5;40.5;55.9;48.3;54.9;77;52.5;46.9;48.6;46.2;51.9;56.4;46.3;41.1;37.9;44.7;41.8;39.8
2930;18.02.1979 Stimmrecht für 18-Jährige;54.5;49.2;53.7;57;47.2;51.7;55.5;52.1;58.5;40.5;55.9;48.3;54.9;77.3;52.6;46.8;48.7;46.2;51.9;56.4;46.3;41.1;37.9;44.7;41.8;39.8
2920;03.12.1978 Berufsbildungsgesetz;45.4;44.4;44.9;50.3;40.4;44.6;45.3;39.6;46.3;38.4;45.3;42.8;44.2;75;44.3;42.9;40.6;40;41.4;49.1;39.8;38.1;46.6;39.3;36.1;...
2910;03.12.1978 Sicherheitspolizei;45.7;44.4;44.9;50.7;40.4;44.7;45.5;39.6;46.4;38.4;45.3;43.1;44.3;75.2;44.4;43.2;40.7;40.5;41.6;49.1;39.8;38.2;46.6;39.2;36.2;...
2900;03.12.1978 Tierschutzgesetz;45.7;44.4;44.9;50.4;40.4;44.7;45.3;39.6;46.4;38.4;45.3;43;44.2;75.2;44.5;43;40.8;40.6;41.6;49.1;39.8;38.1;46.6;39.3;36.2;...
2890;03.12.1978 Milchwirtschaftsbeschluss;45.3;44.4;44.9;50.3;40.4;44.6;45.3;39.6;46.3;38.4;45.3;42.7;44.1;75.2;44.2;43;40.5;40.5;41.4;49.1;39.8;38.1;46.6;39.3;36.1;...
2880;24.09.1978 Gründung des Kantons Jura;48;43.4;41.5;45.2;41;36.3;42.3;35.7;51.8;38;46.8;35.6;46.1;71.7;44.1;36.5;39.8;35.8;38;48.9;36.8;35.2;34.3;43.3;37.3;...
2870;28.05.1978 12 autofreie Sonntage;51.6;50.2;57.7;57.3;51.5;59.8;57.9;61.2;59;42.9;54.4;42.2;50;75.3;56.7;52.2;50.1;46.3;51.3;58.9;40.9;39.8;41.2;45.3;39;...
2860;28.05.1978 Hochschulförderung;50.9;50.2;57.7;56.9;51.5;59.8;57.9;61.2;58.6;42.8;54.4;42;50;75.1;56.3;52;49.7;45.6;50.9;58.8;40.9;39.8;41.2;45.3;39;...
2850;28.05.1978 Schwangerschaftsabbruch;50.8;50.2;57.7;56.7;51.5;59.7;57.9;61;58.6;42.8;54.4;42;49.8;74.7;56;51.9;49.6;45.5;50.9;58.6;40.9;39.8;41.2;45.3;39;...
2840;28.05.1978 Zolltarifgesetz;50.3;50.2;57.7;55.9;51.5;59.7;57.8;61.2;58;42.8;54.4;41.9;49.8;74.9;55.9;51.9;49.4;45;50.4;58.7;40.9;39.8;41.2;45.3;39;...
2830;28.05.1978 Zeitgesetz;51.2;50.2;57.7;57.2;51.5;59.9;58;61.1;58.2;42.8;54.4;42.1;50;75.2;56.5;52;49.9;46.1;51.2;58.8;40.9;39.8;41.2;45.3;39;...
2820;26.02.1978 Konjunkturartikel;50.6;47.1;50;50.7;46.3;46.8;50.7;47.2;49.6;68.2;53.4;46.7;47.1;71.9;49.4;47.7;45.4;41.5;45.4;55;48.3;42.1;39.5;47.2;41.2;...
2810;26.02.1978 Herabsetzung AHV-Alter;51.5;47.1;50;51.8;46.3;46.8;50.8;47.3;49.8;68.6;53.4;47.1;47.3;72.3;49.8;47.9;46.2;43.1;45.9;55.2;48.3;42.1;39.5;47.2;41.2;...
2800;26.02.1978 9. AHV-Revision;51.4;47.1;50;51.4;46.3;46.8;50.7;47.3;49.6;68.4;53.4;47.1;47.3;72.2;50;47.9;46.1;42.8;45.9;55.2;48.3;42.1;39.5;47.2;41.2;...
2790;26.02.1978 Mitbestimmung im Nationalstrassenbau;51.2;47.1;50;51.1;46.3;46.8;50.8;47.3;49.6;68.4;53.4;46.9;47.2;72.2;49.6;47.7;45.8;42.4;45.7;55.2;48.3;42.1;39.5;47.2;41.2;...
2780;04.12.1977 Ausgleich des Bundeshaushaltes;44.4;38.2;38.1;45.1;37.6;36;42.6;37.8;38.8;32.1;42.7;34.9;39.9;69.7;39.7;34.2;36.2;35.7;36;45;34.3;29.2;33.3;34.8;34.2;...
2770;04.12.1977 Ziviler Ersatzdienst;44.7;38.2;38.1;45.4;37.6;36;42.6;37.8;38.8;32.1;42.7;34.9;40;69.9;40;34.2;36.5;36.1;36.2;45;34.3;29.2;33.3;34.8;34.2;...
2760;04.12.1977 Politische Rechte;44.2;38.2;38.1;44.9;37.5;36;42.5;37.8;38.8;32.1;42.7;34.9;39.9;69.7;39.7;34.1;36.2;35.4;35.9;44.9;34.3;29.2;33.3;34.7;34.2;...
2750;04.12.1977 Reichtumssteuer-Initiative;44.8;38.2;38.1;45.5;37.6;36;42.6;37.8;39;32.1;42.7;35;40.1;70;39.9;34.3;36.5;36.2;36.2;45;34.3;29.2;33.3;34.7;34.2;...
2740;25.09.1977 Fristenlösungs-Initiative;54.5;48.2;62.2;62;56.4;61.7;62.8;46.5;62.7;48;59;47.2;52.5;75.3;52.9;60.6;55.1;49.8;55.4;59.2;52.3;40.9;52.9;43.9;43.1;...
2730;25.09.1977 Unterschriftenzahl für Initiativen;54.1;48.2;62.2;58.2;56.4;61.7;62.3;46.4;62.6;48;59;47.1;52.2;74.8;52.2;59.5;54.2;47;54.7;58.7;52.3;40.9;52.8;43.9;43.4;...
2720;25.09.1977 Unterschriftenzahl für Referenden;54.2;48.2;62.2;58.3;56.3;61.7;62.5;46.4;62.3;48;59;47.1;52.3;75.1;51.9;59.2;54;47;54.7;58.8;52.3;40.9;52.9;43.9;43.1;...
2710;25.09.1977 Albatrosinitiative;54.1;48.2;62.2;58.8;56.4;61.7;62.5;46.4;62.5;48;59;47.1;52.3;74.7;52.4;59.4;54.5;47.4;54.8;58.9;52.3;40.9;52.8;44.1;43.1;...
2702;25.09.1977 Gegenentwurf zur Mieterschutzinitiative;54.1;48.2;62.2;58;56.4;61.8;62.3;46.4;62.3;48;59;47.1;52.3;74.8;52.1;59.1;54.2;46.6;54.6;58.8;52.3;40.9;52.8;44.1;43.1;...
2701;25.09.1977 Mieterschutzinitiative;54.1;48.2;62.2;58;56.4;61.8;62.3;46.4;62.3;48;59;47.1;52.3;74.8;52.1;59.1;54.2;46.6;54.6;58.8;52.3;40.9;52.8;44.1;43.1;...
2690;12.06.1977 Steuerharmonisierung;51.9;49.4;57.3;55.8;53.1;55.6;58;47.1;57.8;44.8;74.3;44.5;50.6;73.9;54.5;49.1;49.6;44.7;47.8;57.8;37.9;43.9;37.8;48.6;45.9;...
2680;12.06.1977 Umsatz- und direkte Bundessteuer;52.1;49.4;57.3;56.6;53.1;55.6;58.2;47.1;58.2;44.8;74.3;44.6;50.7;74;54.7;49.3;49.8;45;48;57.8;37.9;43.9;37.8;48.6;45.9;...
2672;13.03.1977 Neuordnung Staatsvertragsreferendum (Gegenentwurf);47.9;38.7;45.4;48.9;43.5;41.5;47.3;41.6;48.6;33.9;45.8;41.7;42.5;71;43.6;36.4;39.7;39.7;51.2;49.8;51.7;46.1;62.3;37.5;41.7;...
2671;13.03.1977 Neuordnung Staatsvertragsreferendum (Initiative);47.9;38.7;45.4;48.9;43.5;41.5;47.3;41.6;48.6;33.9;45.8;41.7;42.5;71;43.6;36.4;39.7;39.7;51.2;49.8;51.7;46.1;62.3;37.5;41.7;...
2660;13.03.1977 Beschränkung der Einbürgerungen;48.6;38.7;45.5;49.8;43.6;41.6;47.5;41.6;49;33.9;45.8;42.2;42.2;71.6;44.1;37.7;40.5;40.8;51.8;50;51.7;46;62.3;37.5;41.7;...
2650;13.03.1977 IV. Ueberfremdungsinitiative;48.4;38.7;45.5;49.9;43.5;41.6;47.5;41.6;49.2;33.9;45.8;42.2;42.2;71.1;44.2;37.7;40.5;40.8;51.8;50;51.7;46.1;62.3;37.5;41.7;...
2640;05.12.1976 40-Stunden-Woche;45.1;46.7;42.8;49.3;41;40.4;45.2;41.5;50.1;55.5;45.4;46.2;45.6;71.7;43.3;39.2;40.9;40.6;40.3;48.8;44.2;35.9;77.6;38.8;38.4;...
2630;05.12.1976 Preisüberwachung;44.9;46.7;42.8;48.8;41;40.4;45.2;41.5;49.7;55.5;45.4;45.8;45.5;71.5;42.9;39.2;40.7;40.3;40.2;48.7;44.2;35.9;77.4;38.8;38.4;...
2620;05.12.1976 Geld- und Kreditpolitik;44.4;46.7;42.8;47.9;41;40.4;45;41.4;49.3;55.5;45.4;45.2;45.2;71.1;42.7;39.1;40.2;39.5;39.9;48.5;44.2;35.9;77.4;38.8;38.4;...
2610;26.09.1976 Haftpflichtversicherung für Motorfahrzeuge und Fahrräder;40;27.8;35.9;44.9;35.1;25;35.2;33.5;38.1;22.2;35.1;41.4;32.8;70.8;39.4;29.9;45.5;32.5;30.6;41.1;24.5;27;22.9;23.4;32.3;...
2600;26.09.1976 Radio- und Fernsehartikel;39.8;27.8;35.9;44.8;35.2;25;35;33.5;38.1;22.1;35.1;41.5;32.9;70.4;39.4;30;45.5;32.4;30.6;41.1;24.5;27;22.9;23.4;32.3;...
2590;13.06.1976 Neukonzeption Arbeitslosenversicherung;39.1;33;43.2;41.6;35.1;42.9;46.1;36.3;44.9;24.8;38.4;28.7;36.4;70;42.3;36.4;36.7;36.4;35.4;44.1;26.4;26.2;28.5;28.4;22.8;...
2580;13.06.1976 IDA-Darlehen;39.1;33;43.2;41.6;35.1;42.9;46.1;36.3;45;24.8;38.4;28.7;36.4;69.8;42.2;36.5;36.8;36.4;35.4;44.2;26.4;26.2;28.5;28.5;22.8;...
2570;13.06.1976 Raumplanungsgesetz;39.2;33;43.2;41.8;35.1;42.9;46.2;36.4;44.8;24.8;38.4;28.7;36.5;70.1;42.4;36.5;36.9;36.9;35.5;44.3;26.4;26.2;28.5;28.5;22.8;...
2560;21.03.1976 Steuerinitiative;43.6;39.2;41;48;40.9;33.2;44.5;42.2;43.9;37.3;45.8;43.8;40.4;71.4;43.8;39.5;38.3;36.7;38.5;48.2;33.8;29.1;34.2;38.2;27.4;...
2552;21.03.1976 Gegenentwurf zur Mitbestimmungsinitiative;43.8;39.2;41.1;49.9;40.9;33.2;44.6;42.2;44.1;37.4;45.8;44;40.5;71.4;44;39;39.2;36.9;38.7;48.3;33.8;29.1;34.2;38.2;27.4;...
2551;21.03.1976 Mitbestimmung der Arbeitnehmer;43.8;39.2;41.1;49.9;40.9;33.2;44.6;42.2;44.1;37.4;45.8;44;40.5;71.4;44;39;39.2;36.9;38.7;48.3;33.8;29.1;34.2;38.2;27.4;...
2540;07.12.1975 Ein-/Ausfuhr Landwirtschaftsprodukte;37.9;33.9;31.8;38.5;32.5;30;37.1;30;32.8;29.6;35.5;25.6;28.1;69.8;40.8;35.8;31.9;30.3;33.7;42.1;20.2;17.9;26.7;21.7;14.6;...
2530;07.12.1975 Wasserwirtschaft;37.5;33.9;31.8;38.2;32.5;30;36.9;30.1;32.7;29.6;35.5;25.6;28.1;69.6;40.6;35.7;31.4;29.3;33.5;42;20.2;17.9;26.7;21.7;14.6;...
2520;07.12.1975 Niederlassungsfreiheit und Unterstützungsregelung;37.2;33.9;31.8;38.3;32.5;30;37;30.1;32.9;29.6;35.5;25.6;28.1;69.8;40.8;35.7;31.4;29.3;33.6;42;20.2;17.9;26.7;21.7;14.6;...
2510;08.06.1975 Erschwerung Ausgabenbeschlüsse;41.1;34.8;40.4;53;40.4;39.3;47.1;36.3;46.3;28.7;46;35.6;36.7;71.8;41.5;34.3;39.5;37.2;38.8;48.1;26.2;27.5;28.2;31.1;28.7;...
2500;08.06.1975 Erhöhung Steuereinnahmen;41;34.8;40.4;53.2;40.4;39.3;47.1;36.3;46.2;28.7;46;35.6;36.7;72.4;41.4;34.3;39.5;37.2;38.9;48.3;26.2;27.5;28.2;31.1;28.7;...
2490;08.06.1975 Generalzolltarif;41;34.9;40.4;53;40.4;39.3;47.1;36.3;46.1;28.7;46;35.6;36.7;72;41.4;34.3;39.4;37.2;38.8;48.1;26.2;27.5;28.2;31.1;28.7;...
2480;08.06.1975 Finanzierung der Nationalstrassen;41;34.8;40.4;53.1;40.4;39.3;47.1;36.3;46.3;28.7;46;35.6;36.7;71.9;41.5;34.3;39.5;37.3;38.9;48.3;26.2;27.5;28.2;31.1;28.7;...
2470;08.06.1975 Schutz der Währung;41;34.8;40.4;53.2;40.4;39.3;47.1;36.3;46.2;28.7;46;35.6;36.7;72.3;43.9;34.3;39.5;37.2;38.9;48.3;26.2;27.5;28.2;31.1;28.7;...
2460;02.03.1975 Konjunkturartikel;32.3;23.1;39.6;43.5;28.6;29.6;38.2;28.9;30.7;20.8;33.8;22;26.8;70;35.9;32.2;32.3;29.2;28.7;49.7;19.4;19.5;24.5;23.1;23.7;...
2452;08.12.1974 Soziale Krankenversicherung (Gegenentwurf);41.3;41.7;41.4;50;39.5;38.3;48.5;35.9;43;34.1;44;35.9;41.7;71.9;41.1;38.1;39.4;37.9;38.2;48.3;35.9;33.8;37.2;37.7;31.9;...
2451;08.12.1974 Soziale Krankenversicherung (Initiative);41.3;41.7;41.4;50;39.5;38.3;48.5;35.9;43;34.1;44;35.9;41.7;71.9;41.1;38.1;39.4;37.9;38.2;48.3;35.9;33.8;37.2;37.7;31.9;...
2440;08.12.1974 Erschwerung Ausgabenbeschlüsse;40.9;41.7;41.3;48.9;39.5;38.3;48.2;35.9;42.7;34.1;44;35.7;41.4;71.4;40.8;38;39.2;37.3;37.9;48.1;35.9;33.4;37.2;37.7;31.9;...
2430;08.12.1974 Verbesserung Bundeshaushalt;41.1;41.7;41.3;49;39.5;38.3;48.5;35.9;42.6;34.1;44;35.8;41.5;71.6;40.7;38;39.2;37.5;37.8;48.2;35.9;33.5;37.2;37.7;31.9;...
2420;20.10.1974 Gegen die Überfremdung;74;66.3;71.1;70.2;65.7;62.1;73.5;69.3;77;65.7;74.5;70.7;74.4;81.6;64.3;62.7;67.4;63.1;70.7;73.1;72.1;69.2;62.9;71.2;76.1;...
2410;02.12.1973 Tierschutzartikel;40.8;33.9;38.9;47.4;35.1;32.1;46.4;31.8;42.9;27.3;37.7;33;33.2;67.3;37.3;33.5;37.5;36.6;31;46.1;30.8;26.7;29.8;28.1;27.4;...
2400;02.12.1973 Steuerwirksame Abschreibungen;40.7;33.9;38.9;47.1;35.1;32.1;46.3;31.8;42.9;27.3;37.7;32.8;33.2;67.3;37.2;33.7;37.4;36.7;30.9;46.1;30.8;26.7;29.9;28.1;27.4;...
2390;02.12.1973 Stabilisierung des Baumarktes;40.8;33.9;38.9;47.4;35.1;32.1;46.4;31.8;43.4;27.3;37.7;32.9;33.2;67.2;37.2;33.8;37.6;36.8;31;46.1;30.8;26.7;29.8;28.1;27.4;...
2380;02.12.1973 Massnahmen im Kreditwesen;40.8;33.9;38.9;47;35.1;32.1;46.3;31.8;43.4;27.3;37.7;32.9;33.2;67.1;37.3;33.8;37.5;36.7;31;46.1;30.8;26.7;29.9;28.1;27.4;...
2370;02.12.1973 Preisüberwachung;40.9;33.9;38.9;47.6;35.2;32.1;46.3;31.9;43.5;27.3;37.7;33;33.2;67.2;37.1;33.7;37.7;36.8;31.1;45.8;30.8;26.7;29.9;28.1;27.4;...
2360;20.05.1973 Jesuiten- und Klosterartikel;58.1;33.1;50;57.7;44.6;43.9;53.5;37.5;47.1;32.9;39.3;38.4;34.3;69.3;46.1;45.8;45;42.7;45.2;48;20.8;23.4;31.3;28.8;24.1;...
2350;04.03.1973 Forschungsartikel;36.5;24.8;18.5;41.8;38.8;24;33.9;42.8;48.9;16.8;22.9;12.8;21.5;66.5;36.4;26.1;28.8;25.4;30.3;42.4;15.7;15.4;62.9;13.6;15.3;...
2340;04.03.1973 Bildungsartikel;36.6;24.8;18.5;42.3;38.8;24;33.9;42.8;49;16.8;22.9;12.8;21.5;63.7;36.4;26;28.9;25.5;30.2;42.4;15.7;15.4;62.9;13.7;15.3;...
2330;03.12.1972 Abkommen mit der EWG;58.1;51.5;51.1;53.1;45;45.5;56.5;47.1;60.4;39.5;51.6;54.8;56.9;74.8;50.7;43.1;50;48.1;50.9;60.1;46.7;45.5;78.4;47.7;49.2;...
2322;03.12.1972 Einführung Volkspension (Gegenentwurf);58.3;51.5;51.1;53.3;45;45.5;56.6;47;60.5;39.5;51.6;54.9;56.9;74.5;50.8;43.1;50.2;48.3;50.9;60.1;46.7;45.5;78;47.8;49.2;...
2321;03.12.1972 Einführung Volkspension (Initiative);58.3;51.5;51.1;53.3;45;45.5;56.6;47;60.5;39.5;51.6;54.9;56.9;74.5;50.8;43.1;50.2;48.3;50.9;60.1;46.7;45.5;78;47.8;49.2;...
2310;24.09.1972 Waffenausfuhrverbot;46.8;26;28.1;37.8;26;25.4;42.9;29.1;39.1;22.6;28.9;27.4;33.2;72.7;41.9;30.6;39.2;35.4;36.6;45.2;20.2;23.5;20;25;35;...
2300;04.06.1972 Schutz der Währung;42;25.3;16.1;37;26.8;16.4;29.2;24.3;26.5;12.3;17.3;33.8;18.9;67.1;44.4;25.6;31;26.6;31.2;35.3;14.5;12.5;25.7;12.7;12.8;...
2290;04.06.1972 Stabilisierung des Baumarktes;42;25.3;16.1;37.5;26.8;16.4;29.2;24.3;26.5;12.3;17.3;34;18.9;67.1;44.5;25.6;31.1;26.7;31.1;35.3;14.5;12.5;25.7;12.7;12.8;...
2280;05.03.1972 Mieterschutz;46.1;29.3;32.3;46.4;35.8;30.1;50;36.6;49.1;29.4;32.8;42.7;38.7;71.2;44;38.8;44;37.1;40.1;51.2;25.2;24.4;18.8;25.6;24.3;...
2272;05.03.1972 Gegenentwurf zur Wohnungsbau-Initiative;46.2;29.3;32.3;46.2;35.8;30.1;50;36.6;49.1;29.4;32.8;42.8;38.7;70.9;43.7;38.8;44.1;37.3;39.9;51.2;25.2;24.4;18.8;25.6;24.3;...
2271;05.03.1972 Förderung des Wohnungsbaues;46.2;29.3;32.3;46.2;35.8;30.1;50;36.6;49.1;29.4;32.8;42.8;38.7;70.9;43.7;38.8;44.1;37.3;39.9;51.2;25.2;24.4;18.8;25.6;24.3;...
2260;06.06.1971 Weiterführung der Finanzordnung;43.7;29.4;59.3;51.7;37.4;34;51;62.2;51.2;44;35.9;27.6;26;76.9;47.1;47.6;44.6;37.6;56.2;49;20.2;26.7;26.1;28.9;24.3;...
2250;06.06.1971 Umweltschutz;43.9;29.4;59.4;52.2;37.5;34;51.1;62.2;51.2;44;35.9;27.7;26.2;76.9;47.4;47.8;44.9;37.8;56.3;49.1;20.2;26.7;26.1;29;24.3;...
2240;07.02.1971 Frauenstimmrecht;62.3;51.3;60.1;71.6;57.5;50.7;68.1;62.8;66.3;53.8;58.4;51.2;50.4;80.1;65.4;52.5;60.2;55.3;72.9;67.3;47.4;51;53.3;57.4;56.4;...
2230;15.11.1970 Änderung Finanzordnung;59.3;33.8;33.9;57.6;50.2;35.4;52.3;45.7;52.1;24.8;53.3;23;31.6;77.4;51.9;37;48;39.3;67.6;56.9;21.2;24.6;30.7;25.7;20.6;...
2220;27.09.1970 Wohnungs- und Familienschutz;59;33.2;37.9;51;43.6;28.2;53.7;43.4;54.1;32.3;39.4;39.2;36.8;76.2;50.6;35.4;53.9;45.4;64.1;58.5;29.4;31.7;27.4;36;36.3;...
2210;27.09.1970 Förderung von Turnen und Sport;59;33.2;37.9;51.2;43.6;28.2;53.7;43.4;54.1;32.3;39.4;39.2;36.8;76.2;51;35.5;53.1;45.5;64.2;58.5;29.4;31.7;27.4;36;36.3;...
2200;07.06.1970 Gegen die Überfremdung;80;69.1;78.6;81.1;71.5;66.8;80.4;76;82.9;63.5;82.1;68.5;72.3;88.7;73.5;63.3;77;67.4;85.6;81.8;73.3;70.9;64.6;74.4;72.5;...
2190;01.02.1970 Inländische Zuckerwirtschaft;56.9;41.2;44.9;51.5;37.6;38.1;53.6;47.3;46.8;42.4;42.6;19.9;31.6;75.7;50.5;38.4;49.1;46.7;64.4;60.1;22.5;29.2;48.4;35.9;17.7;...
2180;14.09.1969 Bodenrecht;55.7;20.2;24.8;43.1;35.8;25.9;41.5;34.3;43.8;27.4;34.7;13.7;25.7;77.8;44.9;32.6;40.3;35.5;64.5;51.5;12.4;12.8;18.7;18.5;10.1;...
2170;01.06.1969 Eidg. technische Hochschulen;48.8;22;38.8;53;26.9;29.9;41.6;40.1;20;15.3;38;30.9;34.1;76.8;58.7;25.5;40.7;37.4;66.1;54.5;13.4;18;14.1;18.9;12.8;...
2160;19.05.1968 Tabakbesteuerung;51.8;27.6;30.9;70.7;54.7;46;49.8;45.7;27.8;18.1;32.2;22.4;27.7;77.6;63.5;28.1;49.3;40.9;67.6;56.8;14;16.6;12.9;63.8;12.1;...
2150;18.02.1968 Steueramnestie;52;45.5;31.7;50;32.9;29.5;48;43.8;25.8;26.6;61;17.6;39.2;78.7;54.6;37;51.8;42.6;67.6;60.9;35.6;19.1;22.3;22.9;19.6;...
2140;02.07.1967 Gegen die Bodenspekulation;50.4;32;34.5;44.4;38.6;30;46.4;41.8;32.3;25.3;39.9;37.4;34.9;74.5;54.5;27.7;47.1;40.7;64.1;56.4;19.4;21.8;20.2;22.2;17;...
2130;16.10.1966 Bekämpfung des Alkoholismus;55.2;45.5;50.4;55.1;47.3;42.1;58.6;51.1;39.8;37.3;56.2;30.6;44.3;78.5;59.7;38.2;54.7;47.2;73.7;60.5;29.7;36.1;44.5;43.6;25.8;...
2120;16.10.1966 Auslandschweizerartikel;55.1;45.5;50.4;54.7;47.8;42.1;58.3;51.1;39.8;37.3;56.2;30.6;44.1;78.5;59.5;38.2;53.2;46.2;73.3;60.4;29.7;36.1;44.5;43.6;25.8;...
2110;16.05.1965 Milchbeschluss;54.8;29.7;37.6;57;36.8;38.5;43.3;45.6;24.6;19.7;32.5;23.3;34.8;74.9;61.3;33.3;47.5;44.8;71.7;60.7;15;18.1;16;20.4;12.8;...
2100;28.02.1965 Massnahmen Bauwirtschaft;68;55.5;61.7;65.5;56.5;56.1;68.6;65.4;58.9;48.7;61.5;52.8;61.2;82.9;67.7;53;66.3;61.8;79.1;75.9;42.2;46.8;54.5;45;46.5;...
2090;28.02.1965 Massnahmen Kreditwesen;68;55.5;61.7;65.5;56.5;56.1;68.6;65.5;58.9;48.7;61.5;52.8;61.2;83;67.7;54.3;65.7;61.7;79;76;42.2;46.8;54.5;44.9;46.5;...
2080;06.12.1964 Preiskontrollmassnahmen;48;33;26.6;47.7;37.7;21;38.6;36.1;25.7;22;37.9;35.1;26.7;79.7;54.2;28.7;45.2;38.1;69.9;54.6;17.7;24.3;66.8;26.1;27.7;...
2070;24.05.1964 Berufsbildungsgesetz;49.6;25.8;27.8;56.3;32.3;26.3;42.5;41.2;23.1;19.7;49.6;32.5;27;76;52.9;36;49.3;41.5;74.4;57.3;17.7;15.1;15.8;59.9;12.5;...
2060;02.02.1964 Steueramnestie;58.6;35.5;43.4;53.2;38.2;36.8;52.8;52;34.1;34.2;41.3;51.5;37;79.3;59.1;38.7;59.6;46.4;72.2;63.8;24.7;23.3;27.7;32.2;18.5;...
2050;08.12.1963 Stipendien und Ausbildungsbeihilfen;54.1;39.4;34.9;52.5;32.9;30.9;48.3;41.7;28.9;24.4;39.7;18.9;48.3;76.3;59.7;33;55.1;43.3;71.3;59.6;21.6;22.8;49.5;24;16.7;...
2040;08.12.1963 Weiterführung Finanzordnung;54.1;39.4;34.9;52.6;32.9;30.9;48.3;41.6;28.9;24.4;39.7;18.9;48.2;76;59.7;33.1;56.1;43.3;71.3;59.6;21.6;22.8;49.6;24;16.7;...
2030;26.05.1963 Volksrecht und Atomwaffen;60.5;40.7;43.1;74.5;41.2;41.1;50.8;51.9;38.6;30.3;47.2;33.5;42;79.4;62.6;38.1;58.6;49.4;74.6;66.1;32.6;31.6;49.5;46.2;47;...
2020;04.11.1962 Wahl des Nationalrates;56;27.2;23.7;53.2;28.6;22.9;43.5;45.9;25.7;26.1;39.5;13.7;29.7;77.1;56.2;31.2;48.4;52.5;74.4;56;12.8;12.4;33.3;13.3;10.6;...
2010;27.05.1962 Taggelder des Nationalrates;58;34.1;26.3;55;44.2;36.1;45.9;76.2;29.7;19;33.3;23.4;33.5;76.3;63.9;34;52.8;43.6;75.2;61.8;14.5;15.1;15.3;18.4;11.6;...
2000;27.05.1962 Natur- und Heimatschutz;58;34.1;26.4;54.9;44.3;36.1;45.8;76.2;29.7;19;33.3;23.4;33.3;76.2;63.6;33.9;52.7;43.7;75.1;61.8;14.5;15.1;15.3;18.4;11.6;...
1990;01.04.1962 Verbot der Atomwaffen;70.7;47.2;49.8;63.2;56.5;49.4;59.4;61.6;43.8;54.3;53.8;38.7;47.8;81.5;68.2;48.1;62.1;67;79.5;78;36.5;42.1;39.2;55.7;37.7;...
1980;03.12.1961 Uhrenstatut;52.9;41.3;35.5;54.1;32.5;31.3;51.8;49.3;30.1;69.2;47.5;20.8;37.2;81.8;59.8;41.7;57.2;47.2;79.4;65.5;22.7;23.7;22.5;46.6;52.6;...
1970;22.10.1961 Einführung Gesetzesinitiative;52.6;34.6;31;63;35.9;38.6;47.7;44.4;31.4;28.2;38.4;22.5;38.7;76.4;61;44;45.7;49.9;78.2;60.8;21.9;24.5;30.7;20.7;15.3;...
1960;05.03.1961 Treibstoffzoll für Nationalstrassenbau;70.9;58.5;63.5;67;62;56.6;70.3;68;60.9;57.2;65.1;50.4;59.6;84.8;71.8;53.1;72.4;62.3;86.7;79;53.3;46.8;76.4;54.9;40;...
1950;05.03.1961 Leitungsanlagen für Treibstoffe;70.7;58.5;63.4;66.5;61.9;56.5;69.7;67.9;60.9;57.2;65.1;50.3;59.4;84.5;71.3;53.3;66.8;61.5;86.3;78.8;53.2;46.7;76.3;54.8;40;...
1940;04.12.1960 Massnahmen Milchwirtschaft;60.7;45.2;54;59.2;48.2;40.5;55.8;53.5;36.9;36.4;39.9;21.9;38.9;82;64.2;48.1;61;48.7;77.6;71.2;18.4;40.3;66.2;25.3;38.5;...
1930;29.05.1960 Preiskontrollmassnahmen;60.8;26.2;27.9;47.5;36.8;23.2;43.9;42.6;22.6;19.9;30.3;29.8;27.3;76.1;58.7;29.3;52.8;41;72.7;60.5;18.1;22.6;13.6;30.6;28.4;...
1920;24.05.1959 Zivilschutzartikel;62.9;41;35;53.8;34.3;44.7;50.1;54;32.6;20.4;39.2;22.7;44;81.3;66.9;38;61.1;46.2;76.1;64.7;14.5;19.9;16.4;19.6;13.2;...
1910;01.02.1959 Frauenstimmrecht;77.1;62.2;69.9;71.2;65.6;62.6;71.8;70.7;65;58.7;70.2;54.4;63.1;86.6;73.3;60.3;75;67.8;84.9;78.6;56.8;54.4;55.4;64.4;45;...
1900;07.12.1958 Abkommen mit Italien zur Wasserkraft des Spöl;59.9;39.8;37.5;56.1;55.9;38.1;54.4;55.1;41.8;24.4;41.8;37.4;49.4;82.3;65.2;45.2;64.2;62;77.9;69.5;24.9;26.7;25.4;27.8;23.1;...
1890;07.12.1958 Kursaalspiele;59.9;39.8;37.5;55.7;55.9;38.1;54.3;55.1;41.8;24.1;41.8;37.4;49.3;82.4;65.1;45.2;62.2;61;78;69.4;24.9;26.7;25.3;27.8;23.1;...
1880;26.10.1958 44-Stunden-Woche;73.4;55.1;64.3;69.8;62.6;63.3;69.9;70.8;65.1;50.3;66.8;52.7;63.2;84.1;73.1;59.1;73.5;66.7;81.8;76.4;41.2;47;45.2;53.6;44.2;...
1870;06.07.1958 Strassennetzverbesserung;63.5;26.1;34.3;49.4;40.4;34.5;51.7;50.9;36.4;22.6;40.7;24.1;37.2;78.2;59.6;38.7;60.1;47;75.1;65.3;17.3;27;19.6;28.1;39.5;...
1860;06.07.1958 Filmwesen;63.4;26.1;34.3;48.7;40.3;34.5;51.6;50.9;36.4;22.5;40.7;24.1;37.1;77.2;59.3;38.8;60;46.6;75.1;65.2;17.3;27;19.5;28.1;39.5;...
1850;11.05.1958 Neuordnung Finanzhaushalt;63.9;47.2;55;77.1;60.6;53.1;60.9;61.9;45.7;32.6;62.6;43;51.2;83.2;70.6;48.9;67.3;56.7;81;70.3;36.2;33.1;35.4;48.6;26.9;...
1840;26.01.1958 Missbrauch wirtschaftlicher Macht;67.5;40.3;54.2;60.4;49.7;46.7;60.7;62.1;44.9;41.8;50.4;51.5;45.2;80;67.5;51.6;66.8;55.4;79.2;72.3;30.1;33.7;36.1;39.5;26.8;...
1830;24.11.1957 Brotgetreideversorgung;57.7;36.8;42.4;61.2;35.1;37;53.7;52.6;38.7;33;42;26.1;49.3;82.8;64.9;40;63.3;48;79.6;66.9;17.2;29.4;28;23.5;41.1;...
1820;24.11.1957 Atomenergie und Strahlenschutz;57.7;36.8;42.4;61;35.1;37;53.9;52.6;38.7;33;42;26.1;49.3;82.7;65;39.9;63.1;47.9;79.4;67;17.2;29.4;28;23.5;41.1;...
1810;03.03.1957 Rundspruch und Fernsehen;61.4;44.2;45.5;57.4;42.9;39.8;55.4;60.9;43.5;37.8;47.2;32.9;45.8;84.4;70;46.3;61.7;54.9;79;72.4;26.5;61.2;70.6;41.5;30.2;...
1800;03.03.1957 Zivilschutzartikel;61.3;44.2;45.5;56.7;42.9;39.8;55.4;60.8;43.5;37.8;47.2;32.9;45.8;84.1;69.9;46;64.9;54.8;78.9;72.5;26.5;61.2;70.5;41.5;30.2;...
1790;30.09.1956 Ausgabenbeschlüsse;58.3;34.1;38.9;48.8;40.4;36.2;50.9;53.3;36.5;29.7;46;31.2;40;82.1;66.8;38.9;61;46.7;77;67.5;20;28.2;20.3;30.7;22.9;...
1780;30.09.1956 Revision der Brotgetreideordnung;58.3;34.1;38.9;48.7;40.2;36.2;50.9;53.3;36.5;29.7;46;31.2;40;82.2;66.9;38.8;62.4;47.4;76.9;67.7;20;28.2;20.4;30.7;22.9;...
1770;13.05.1956 Hilfe an die Holzverzuckerungs-AG Graubünden;65.9;43.8;43.2;62.1;57.3;44.6;57.7;63.6;42;29.3;52.2;54.9;48.6;82.2;71.4;41.8;67.3;75;81.3;74.1;23.3;31.3;25.6;70.4;29.5;...
1760;13.05.1956 Wasserrechtskonzessionen;65.9;43.8;43.2;62;57.3;44.6;57.4;63.7;42;29.2;52.2;54.8;48.5;82.1;70.9;41.4;59.4;73.7;81.1;73.8;23.3;31.3;25.5;70.2;29.5;...
1750;04.03.1956 Beschränkte Preiskontrolle;57.7;47.3;34.5;56.6;36.6;33;52.4;54.8;34.3;30.4;38.7;64.7;40.3;79.8;65.3;40.4;64.3;55.5;74.6;71;47.4;33.6;26.2;38.2;28;...
1742;13.03.1955 Mieter- und Konsumentenschutzinitiative (Gegenentwurf);66;46.5;56.3;62.9;54.3;43.2;58.8;62.9;46.1;35.1;56.3;56.3;53.4;84.4;66.6;45.8;69.3;55.4;80.3;76.3;37.7;41.5;38.2;56.3;37.8;...
1741;13.03.1955 Mieter- und Konsumentenschutzinitiative;66;46.5;56.3;62.8;54.3;43.2;58.8;62.9;46.1;35.1;56.3;56.3;53.4;84.4;66.6;45.8;69.3;55.4;80.3;76.3;37.7;41.5;38.2;56.3;37.8;...
1730;05.12.1954 Schutz der Stromlandschaft Rheinau;70.3;42.6;47;61.3;48.3;48.1;63.4;63.6;52.3;24.9;47.9;60.6;52.1;88.2;70.4;51.3;70.1;59;82.3;73.5;26.1;28.4;30;28.1;24.5;...
1720;24.10.1954 Finanzordnung 1955 bis 1958;60.8;35.8;46.4;63.3;40.1;38.5;54.1;60.2;62;26.8;45.5;40.7;44;83.3;65.9;45.7;61.2;49.2;79;68.4;23;31.1;24.8;30.7;30.2;...
1710;20.06.1954 Hilfe an kriegsgeschädigte Auslandschweizer;55.1;30.2;33.9;45.7;34.5;36.4;46.4;54.8;34;23.2;40.2;28;36.2;79.9;61.1;35.1;58.3;47.7;75;65.9;14.9;21.3;19.3;46.7;17.6;...
1700;20.06.1954 Fähigkeitsausweise;55.1;30.2;33.9;49.6;34.5;36.4;46.4;54.8;34;23.2;40.2;28;36.3;80.4;61.4;35.2;61;47.9;76.1;66;14.9;21.3;19.3;46.7;17.6;...
1690;06.12.1953 Schutz der Gewässer;70.2;55.9;59.5;66.6;59.7;56.9;66.7;69.2;58.3;41.2;64;50.3;65.3;87.4;74.2;59.7;56.8;62.8;84.7;77.5;32.8;48.6;44.2;46.4;39;...
1680;06.12.1953 Neuordnung Finanzhaushalt;70.2;55.9;59.5;69;59.6;56.9;67;69.3;58.4;41.2;64;50.4;65.3;87.4;74.4;59.8;73.8;63.4;84.7;77.6;34.5;48.6;44.3;46.5;39;...
1670;19.04.1953 Postverkehrsgesetz;65;38.2;48.1;70.6;47.9;49.4;61.6;61;46.9;39.2;61.2;33.5;46.5;83.5;70.6;49.6;68.8;60.2;82.5;79.7;32.9;39.6;35.4;66.1;32.6;...
1660;23.11.1952 Brotgetreideversorgung;67.9;49.3;54.8;62;46.4;44.4;60.2;62.6;54.7;37.9;56.3;62.1;57.3;87.4;67.3;45.7;66.3;58.1;81.2;74.1;33.4;42.4;35.2;47.5;43.4;...
1650;23.11.1952 Preiskontrolle;67.9;49.3;54.8;62;46.4;44.4;60.2;62.6;54.7;37.9;56.3;62.1;57.3;87.4;67.3;45.7;66.3;58.1;81.2;74.1;33.4;42.4;35.2;47.5;43.4;...
1640;05.10.1952 Luftschutzräume;67.3;41.7;49.7;59;41.3;36.2;54.3;58.7;48.8;35.3;57.5;48;59;84.1;66.8;44.2;68.8;54.1;81.3;72.5;27.6;37.6;28.8;45;35.9;...
1630;05.10.1952 Tabaksteuer und AHV;67.3;41.7;49.7;59;41.3;36.2;54.3;58.7;48.8;35.3;57.5;48;59;84.1;66.8;44.2;68.8;54.1;81.3;72.5;27.6;37.6;28.8;45;35.9;...
1620;06.07.1952 Deckung der Rüstungsausgaben;57.2;32;40.2;44.8;33.5;34.7;49.7;53.6;35;29.7;42.4;30.6;42.9;80.1;65.7;38.6;57.6;50.1;77.8;67.1;22.4;32.4;29.5;35.9;31.2;...
1610;18.05.1952 Rüstungsfinanzierung und Schutz sozialer Errungenschaften;69.2;42.9;52;63.8;46.2;49.8;58.5;65.1;46.6;37.9;59;45.6;53.8;85;71.7;48.1;65.9;59.6;82.1;73.5;36.2;36.9;32.9;51.1;32.2;...
1600;20.04.1952 Warenumsatzsteuer-Initiative;60.5;34.4;47.4;61.9;43.9;46.5;58.8;63.4;40.2;35.3;49.4;37.4;45.8;87.7;68.9;51.4;68.5;58.3;80.3;75.2;27.2;36.5;34.7;40.3;32.7;...
1590;30.03.1952 Landwirtschaftsgesetz;70.9;59.8;76.3;73.8;64.3;71.1;74;71.5;65.4;63;65.3;45.5;61.2;88.2;78.8;67.9;76.2;71.6;83.6;81.7;41.6;51.2;64.4;51.6;34.6;...
1580;02.03.1952 Bewilligungspflicht für Gasthöfe;56.6;20.6;28.3;48.8;28.9;29.1;48.9;51.7;24.9;54.7;27.8;26.9;38.4;79.8;62.1;42.6;63.2;51.4;80.8;67.3;38.6;22.3;23.8;15;12.1;...
1570;08.07.1951 Öffentliche Unternehmungen und Kosten der Armee;60.3;21.3;27.1;39.5;24.9;28.8;44.1;43;24.5;22.7;33.8;23.7;27.9;76.8;59.3;32.2;58.9;43.9;74.7;62.8;15;21.5;15.7;22.8;16.9;...
1562;15.04.1951 Gegenentwurf zur Freigeldinitiative;71.1;38.8;49.6;63.8;48.5;53.5;63.1;62;43.8;42.8;56.7;36.6;45;83.9;68.1;50.4;70.5;62.1;80.9;73.9;26.4;40.5;34.2;48.6;33.1;...
1561;15.04.1951 Freigeldinitiative;71.1;38.8;49.6;63.8;48.5;53.5;63.1;62;43.8;42.8;56.7;36.6;45;83.9;68.1;50.4;70.5;62.1;80.9;73.9;26.4;40.5;34.2;48.6;33.1;...
1550;25.02.1951 Autotransportordnung;68.8;37.7;47.6;60.7;54.3;51.9;59.2;59.1;44.2;36.9;49.6;33.8;47.1;84.3;69.2;52.8;71.3;56.1;80.6;74;30.5;51.9;40.7;43.9;20.6;...
1540;03.12.1950 Finanzordnung 1951 bis 1954;65;45.6;48.5;65.9;55.4;48.3;63.5;65.6;47.7;37.8;60.6;52.8;60.5;84.7;72;58.2;71.7;60.8;82.6;74.7;28.2;51.3;40.1;42.5;35.8;...
1530;03.12.1950 Wahl des Nationalrates;65;45.6;48.5;65.9;55.4;48.3;63.5;65.6;47.7;37.8;60.6;52.8;60.5;84.7;72;58.2;71.7;60.8;82.6;74.7;28.2;51.3;40.1;42.5;35.8;...
1520;01.10.1950 Verhinderung der Spekulation;55.7;30.9;38.3;56.2;37.2;42.5;51.5;51.7;37.8;42.1;41.1;23.6;39.8;80.6;68.1;47.5;65.1;52.1;78.5;69.3;19.3;31.3;29.8;29.1;20.7;...
1510;04.06.1950 Neuordnung Finanzhaushalt;64.1;43.5;50.9;66;46.3;49.4;56.3;77.3;48.2;42.5;61.1;43.5;51.3;84.4;70.2;52.1;71.3;64.1;81.7;72.8;35.8;47.5;42.6;52.8;42.3;...
1500;29.01.1950 Förderung Wohnbautätigkeit;66.1;38.1;44;61.2;44.1;42.9;54.9;59.7;43.8;57.1;51.3;42.5;56.7;86.1;69.9;52.9;72.4;60.5;81.6;75.4;32.9;42;36.9;39.9;32.3;...
1490;11.12.1949 Dienstverhältnis Bundesbeamte;75.6;69.6;71.1;80.9;68.9;68.2;74.3;76.9;70.3;66.6;77.4;66.4;70.4;90.2;78.4;69.4;79.3;75.4;87.4;84.2;61.4;64.6;63.5;60.5;60.4;...
1480;11.09.1949 Rückkehr zur direkten Demokratie;69.8;20.4;25.9;44.2;31.3;27.2;38.4;48;32.5;24.3;37;41;33.4;80;66.4;47.7;62.4;44.5;77.2;66;17.6;32.4;28;27.1;21.8;...
1470;22.05.1949 Bekämpfung der Tuberkulose;69.2;51.4;61.2;74.8;63.5;59.5;66.4;71.8;59.1;50.4;58.7;54.1;58.2;85.9;74.9;63;75.3;64.9;85.3;76.2;35.2;57.2;53.7;55.3;40;...
1460;22.05.1949 Nationalbankartikel;69.2;51.4;61.2;74.8;63.5;59.5;66.4;71.8;59.1;50.4;58.7;54.1;58.2;85.9;74.9;63;75.3;64.9;85.3;76.2;35.2;57.2;53.7;55.3;40;...
1450;14.03.1948 Ordnung der Zuckerwirtschaft;68.2;43.7;54.5;60.7;46.5;51;58.3;63.8;52.3;53.3;53.8;41.9;47.7;87.1;74.4;60.2;74.8;60.3;87.4;77.5;32.8;47.9;37.1;55.8;41.1;...
1440;06.07.1947 Gesetz über die AHV;85;78.8;77.6;76.5;73.8;75.3;75.7;82.3;73.2;70.4;85.1;67.6;79.2;90.6;85.3;72.3;85.6;79.8;91;89.2;66.5;83.7;61.5;75.8;66.4;...
1430;06.07.1947 Revision Wirtschaftsartikel;85;78.8;77.6;76.5;73.8;75.3;75.7;82.3;73.2;70.4;85.1;67.6;79.2;90.6;85.3;72.3;85.6;79.8;91;89.2;66.5;83.7;61.5;75.8;66.4;...
1420;18.05.1947 Wirtschaftsreform und Rechte der Arbeit;64.4;47.8;61.9;64.4;49.8;51.4;55.9;65.4;60.1;43.9;56.5;41.2;68.7;86.5;73.7;59.7;71.6;57.7;82.1;77.3;38.5;70.3;51.5;56.2;46;...
1410;08.12.1946 Recht auf Arbeit;54.2;34.8;43;55.5;40;48.9;51.2;57.1;38.2;46.5;52.3;39.2;42.4;83.5;68.3;60.6;69.2;53.9;79.7;70;27.4;73.7;37.3;23.2;24.2;...
1400;10.02.1946 Gütertransportordnung;74.5;51.3;60.7;68.5;57.8;66.4;67.5;67.4;59;67.6;63;67.2;58.6;87.6;73.6;65;75.8;58.4;85.3;77.5;48.1;78.5;51.7;50.6;46.1;...
1390;25.11.1945 Für die Familie;58.4;37.7;56;64;49.6;57.4;55.8;63.9;50;58.4;51.3;32.2;48.6;84.7;74.4;69;68.6;57.8;84.9;73.3;35.6;71;46.6;31.1;66;...
1380;21.01.1945 Gesetz über die Bundesbahnen;61.8;38;46;63.2;47.3;49.3;50.2;62.2;45.1;39.3;53.2;43.4;49.1;83;63.7;43.6;69.8;55.7;81.6;69.9;49.5;50.6;40.9;33.7;48.7;...
1370;29.10.1944 Unlauterer Wettbewerb;58.6;48.3;44.1;57.5;45.6;46.2;52.3;54.8;42.7;33.8;46.6;43;39.3;81.5;66.5;59.4;68.2;52.1;74.2;65.2;29.7;47.5;27.9;30.7;45.2;...
1360;03.05.1942 Reorganisation des Nationalrates;60.8;55;34.1;54.5;38.3;47.9;42.7;65.2;34.3;32.3;45.9;39.1;37.4;84.4;65.7;52.9;71.9;52.5;81.2;71.8;23.2;53;27;21.8;22.5;...
1350;25.01.1942 Volkswahl Bundesrat;67.2;50.9;63.2;64.8;52.4;58.2;60.7;65.3;64.4;57.5;60.6;49.3;53.1;85.4;68.5;63.1;77;65.2;84;75.2;51.5;73.3;48.6;44.1;44.5;...
1340;09.03.1941 Neuordnung Alkoholwesen;61;51.2;71.4;72.4;69.2;71.6;74;66.8;64.5;52.5;60.1;68.1;59;81.6;71.8;66.3;73.7;61.5;83;73.6;39.6;75.3;48.6;44;33.1;...
1330;01.12.1940 Vorunterricht in der Armee;68.5;48.9;59.6;73.9;60.3;63.7;68.7;72.9;59;53.4;61.4;53.9;58.4;87;74.6;76.3;76;65.2;85.6;76.8;40.8;80.2;70.5;43.9;53.6;...
1320;03.12.1939 Dienstverhältnis und Versicherung Bundespersonal;67.4;50.2;56.2;73.9;59.2;62.7;62.9;69.8;57.4;53.3;61.4;62;54.3;84.2;75.2;65.1;73.9;63.4;81.7;76.3;49.8;84.9;55;54.9;58;...
1310;04.06.1939 Armee und Arbeitslosigkeit;59.9;37.9;43.7;61.3;37.5;42.6;46.5;62.6;39.1;39.3;51.3;44.3;60.4;84.5;70.8;61;74;56.7;84.9;74.5;30.7;82.4;28.6;42.3;38.5;...
1300;22.01.1939 Einschränkung Dringlichkeitsklausel;64.5;24.3;22.2;53.3;24.8;23.9;34.2;56.5;21.8;29.2;30.9;24.7;36.4;85;67.3;61.6;71.2;51;82.6;71.5;18;82.8;22.8;20.9;22.1;...
1290;22.01.1939 Verfassungsgerichtsbarkeit;64.5;24.3;22.2;53.3;24.8;23.9;34.2;56.5;21.8;29.2;30.9;24.7;36.4;85;67.3;61.6;71.2;51;82.6;71.5;18;82.8;22.8;20.9;22.1;...
1280;27.11.1938 Übergangsordnung Finanzhaushalt;64.1;42.4;55.4;69.7;52.5;53.7;52;65.8;65.8;45.9;58.4;58.8;75.9;88.7;73.4;66.3;79.3;60.4;87.7;78.9;34.8;85.6;34.7;42.3;41.9;...
1270;03.07.1938 Strafgesetzbuch;61.4;37.5;49.5;65;47.6;56.4;56.1;61.7;49.3;59.2;52.2;35.9;49.3;86.2;70.6;61.5;75.8;61;85.4;75;36.1;84.5;48.9;40.4;43.4;...
1262;20.02.1938 Private Rüstungsindustrie (Gegenentwurf);64.2;30.9;37;55.7;49.9;29.7;42.8;61.8;33.9;39.3;40;76.7;45.1;85.6;69.3;62.1;73.7;67.6;85.3;74.3;29.2;83.1;45.8;25.4;24.2;...
1261;20.02.1938 Private Rüstungsindustrie (Initiative);64.2;30.9;37;55.7;49.9;29.7;42.8;61.8;33.9;39.3;40;76.7;45.1;85.6;69.3;62.1;73.7;67.6;85.3;74.3;29.2;83.1;45.8;25.4;24.2;...
1250;20.02.1938 Dringliche Bundesbeschlüsse und demokratische Volksrechte;64.2;30.9;37;55.7;49.9;29.7;42.8;61.8;33.9;39.3;40;76.7;45.1;85.6;69.3;62.1;73.7;67.6;85.3;74.3;29.2;83.1;45.8;25.4;24.2;...
1240;20.02.1938 Rätoromanisch als Nationalsprache;64.2;30.9;37;55.7;49.9;29.7;42.8;61.8;33.9;39.3;40;76.7;45.1;85.6;69.3;62.1;73.7;67.6;85.3;74.3;29.2;83.1;45.8;25.4;24.2;...
1230;28.11.1937 Verbot der Freimaurerei;71.4;55.1;40.1;68.1;63.7;47.4;54.5;66;40.9;42.7;73.5;50.9;49.8;89.7;70.9;63.3;81.9;63.2;88;76.7;52.6;88.1;43;55.5;51.8;...
1220;08.09.1935 Initiative für die Totalrevision der Bundesverfassung;70.1;41.7;48.8;60.9;43.5;45.5;47.3;61.4;54.4;53.1;62.3;52.5;53.2;87.6;71.7;61.8;81.3;60.2;86.6;77.9;37.8;83.8;53.1;43.7;47.5;...
1210;02.06.1935 Bekämpfung der Wirtschaftskrise;84.8;80.7;81;86.3;78.9;83.6;78;88.2;81;85.4;84.9;78.3;84.8;93.1;84.5;81.3;91.1;85.9;93;89.4;73.6;92.2;80;83.7;75;...
1200;05.05.1935 Verkehrsteilungsgesetz;71.6;43.7;48.4;64.6;49.4;54.4;60.1;74.3;52.9;54.6;55.9;45.8;49.4;86;76.7;64.2;80.9;65.6;86.8;79;36.4;88.4;53.6;54.1;74.2;...
1190;24.02.1935 Neuordnung der militärischen Ausbildung;82.4;72.9;75.1;84.1;73.4;77.7;80.3;84.5;77.7;79.8;82;74.7;80.5;90.8;84.5;82.8;87.8;77.7;90.7;86.8;71.9;91.2;69.4;71.7;72.3;...
1180;11.03.1934 Schutz der öffentlichen Ordnung;80.9;73.7;73.8;81.1;75.7;76.9;72.8;84.6;74.7;77.8;83.1;75.3;78;91.9;83.8;77.1;87.4;76.1;91.1;87.2;63.6;90.2;68.1;72.8;65.4;...
1170;28.05.1933 Herabsetzung Löhne Bundespersonal;85.1;74.3;70;81.3;74.8;77.9;67;80.9;73.2;79;81.6;79.7;81.1;91.7;82.8;74.5;88.4;79.1;91.3;87.7;69.1;90.6;68.2;78.2;70.2;...
1160;06.12.1931 Besteuerung des Tabaks;74.7;76.7;77.4;83.2;75.3;84.4;82.6;80.4;75.7;88.7;78.7;55.4;73.5;91.6;85.1;83.4;88.2;80.5;90.7;87;60.9;89.5;75.7;74.2;60.5;...
1150;06.12.1931 Gesetz über die AHV;74.7;76.7;77.4;83.2;75.3;84.4;82.6;80.4;75.7;88.7;78.7;55.4;73.5;91.6;85.1;83.4;88.2;80.5;90.7;87;60.9;89.5;75.7;74.2;60.5;...
1140;15.03.1931 Amtsdauer von Bundesbehörden;70.2;32.9;35.4;40.5;37.8;28;29.8;55.3;32.7;44.3;38.9;44;32.3;84;62;59.3;75.5;54.2;82.7;72;24.8;80.9;34.2;65.5;22.7;...
1130;15.03.1931 Wahl des Nationalrats;70.2;32.9;35.4;40.5;37.8;28;29.8;55.3;32.7;44.3;38.9;44;32.3;84;62;59.3;75.5;54.2;82.7;72;24.8;80.9;34.2;65.5;22.7;...
1120;08.02.1931 Ordensverbot;52.1;14.7;22.4;21.2;31.5;15.4;16.7;46.2;27.4;18;57.5;11.1;22.7;77.7;56;53.3;61.9;44.7;77.7;67.1;13.2;85.8;44.4;12.7;31.9;...
1110;06.04.1930 Alkoholwesen;71.6;72;81.9;79.9;79.2;84.6;84.2;79;77.5;83.2;79.9;56.1;73.1;88;82.4;76.6;86.9;76.8;91.7;84.8;48.9;90.4;65.4;70.6;55.8;...
1100;12.05.1929 Branntweinverbot;76.3;53.7;59.9;59.8;54.5;57.4;58.3;69.5;55.2;52.4;84.8;49.7;61;86.7;75.1;64.6;76.9;62.4;88;76.7;29.2;85.8;42.5;57.2;68.8;...
1090;12.05.1929 Gesetzgebung Strassenverkehr;74;53.1;59.6;59.2;54.5;57.2;57.9;69.6;54.9;47.7;81.5;49.6;59.2;86.6;75;63.3;72.1;61.4;87.2;76.3;28.7;85.7;41.9;55.8;68.7;...
1080;03.03.1929 Zolltarifgesetz;66.2;60.4;63.7;58.3;55;60.4;59;70.4;55.9;74.3;65.4;43;58.9;84.3;74.6;70.2;80.1;67.2;86.3;79.7;45.8;89.6;80.1;49.4;45.6;...
1072;03.03.1929 Getreideversorgung (Gegenentwurf);66.2;60.4;63.7;58.3;55;60.4;59;70.4;55.9;74.3;65.4;43;58.9;84.3;74.6;70.2;80.1;67.2;86.3;79.7;45.8;89.6;80.1;49.4;45.6;...
1071;03.03.1929 Getreideversorgung (Initiative);66.2;60.4;63.7;58.3;55;60.4;59;70.4;55.9;74.3;65.4;43;58.9;84.3;74.6;70.2;80.1;67.2;86.3;79.7;45.8;89.6;80.1;49.4;45.6;...
1060;02.12.1928 Erhaltung der Kursäle;62;41.9;37.5;30.2;29.7;33.8;35.9;56.9;32;36.7;39.7;34;54.3;87.8;66.9;58.8;75.5;57.1;84.2;74;31;86.6;63.2;40.1;40.5;...
1050;20.05.1928 Massnahmen gegen die Überfremdung;57;23.5;18;53.4;41.6;52.7;36.1;53.7;19;25.3;30.5;39.1;33.8;82.6;66.6;63.4;72.5;49.1;80.2;73.8;25.7;82.5;21.2;14.8;13.6;...
1040;15.05.1927 Automobil- und Fahrradverkehr;63.4;40.8;41.5;60.1;43.6;39.1;37.8;62.8;37.6;34.4;52.8;58;44.3;84.7;71.6;60.1;75.7;59.1;83.7;76.5;35.4;85.2;33.4;66.8;54.9;...
1030;15.05.1927 Entschädigung an Kantone für Alpenstrassen;61.4;38.7;37.3;59.6;35.9;39;37.4;62.8;37.5;34.1;34.4;57.4;42.2;84.1;70.8;60.9;65.9;59.6;83.4;76.3;36;84.5;33.4;64.7;54.9;...
1020;05.12.1926 Getreideversorgung;75.2;64.2;68.5;71.5;67.3;76.2;76.6;77.3;71.4;76.6;71.3;54;71.1;89.2;84.7;78.3;85.5;77;90;86.3;45.2;87.8;67.7;56.5;61.5;...
1010;06.12.1925 Bundesbeschluss betreffend die AHV;70.1;52.8;49.9;49;67.7;50.4;55.5;66.9;56.8;61;56.2;42.4;48.2;86.2;74.1;71.9;80.3;62.2;85.4;81.5;42.6;84.7;48.6;49;42.4;...
1000;25.10.1925 Aufenthalt und Niederlassung Ausländer;70.8;61.1;71.1;37.9;52.6;33.1;40.2;58;68.8;71.3;68.6;69.6;62.8;86.5;68.6;64.9;68.3;67.8;87.3;79.8;40.4;86.6;58.8;61.8;52.5;...
990;24.05.1925 Initiative für die AHV/IV;72.9;57.2;62.5;58.9;51.8;55.1;56.9;68.4;63.5;76;71.5;71;59.5;84.8;77.2;69.3;81.7;65.8;87.8;81.1;44.4;87.9;51;53.1;46.7;...
980;17.02.1924 Fabrikgesetz;85.2;73.2;64;77.7;62.9;61.2;59.3;79.9;74.2;72.4;80.2;84.2;79.1;91.9;83.4;75.3;87;75.8;89.8;87.8;62.7;71.8;68;73.9;63.7;...
970;03.06.1923 Alkoholwesen;69.7;59.7;71;63.5;62.3;72.9;71.9;77.8;65.4;71.2;74.3;55.6;78.2;85.9;76.6;67.6;81.7;64.7;87.8;78;29.1;50.2;45.2;48.7;46.2;...
960;15.04.1923 Zollinitiative;76.3;61.9;69.5;62.3;50;62.1;56.7;71.5;60;75.9;64.7;49.1;60.7;86.5;75.3;65.9;81.8;71.6;85.8;82.4;34.9;54.1;59.8;57.2;39.5;...
950;18.02.1923 Abkommen mit Frankreich zu Hochsavoyen;74;42.7;25.4;51.8;36.7;33;35.8;66.7;36.3;49;39.5;61.4;50;86.2;69.7;59.6;76.2;61.1;84.9;81;22.2;37.3;41.8;29.4;48;...
940;18.02.1923 Schutzhaft-Initiative;73.3;42.5;25.2;51.4;36.6;33;35.9;66.7;36.2;49.1;38.9;61.3;49.6;86.8;69.7;59.5;76;60.9;84.9;80.9;22.8;37.1;41.4;29.3;48;...
930;03.12.1922 Einmalige Vermögensabgabe;86.3;86.3;88.8;83.3;81.9;88.2;86.1;84.8;85.5;96.8;84.4;82.2;80.9;91.5;88.3;92;92;86.9;93.8;92.6;65.1;86.9;87.4;84;74.3;...
920;24.09.1922 Innere Sicherheit und bedingter Strafvollzug;81.9;64;68.8;69.9;63.9;58.8;69.4;70;67.1;61.7;77.4;79.1;73.3;88.3;83.4;78.6;87;75.6;87.7;90.1;38.9;58.8;51.5;55.6;54.5;...
910;11.06.1922 Wählbarkeit der Bundesbeamten;54.3;35.6;38.7;37;23;27.4;30.8;56;26.7;34.7;32;56.5;33.6;81.7;66.8;61.9;70.6;53.5;80.6;75;18.7;32.8;31.2;25.3;38.2;...
900;11.06.1922 Ausweisung von Ausländern;54.3;35.6;38.7;37;23;27.4;30.8;56;26.7;34.7;32;56.5;33.6;81.7;66.8;61.9;70.6;53.5;80.6;75;18.7;32.8;31.2;25.3;38.2;...
890;11.06.1922 Einbürgerungswesen;54.3;35.6;38.7;37;23;27.4;30.8;56;26.7;34.7;32;56.5;33.6;81.7;66.8;61.9;70.6;53.5;80.6;75;18.7;32.8;31.2;25.3;38.2;...
880;22.05.1921 Artikel über die Luftschiffahrt;56.7;30.7;11.9;34.3;18.5;24.3;22.4;48.6;15.5;26.2;19.7;14.8;38.7;79.8;72;61.7;71;61.1;84;77.4;11.4;15;21.2;13.5;11.7;...
870;22.05.1921 Artikel über den Automobil- und Fahrradverkehr;57.2;30.3;12;34.8;18.4;24.3;22.8;48.6;15.5;26.4;20.5;14.8;39;79.8;72.2;62;71.8;61.7;84.3;77.4;11.9;15.1;21.5;13.6;11.5;...
860;30.01.1921 Aufhebung der Militärjustiz;77.4;55.1;44.5;52.6;44.1;55.9;37.6;65.2;48.3;55.4;59.8;71.5;63.2;84.9;72.7;74.7;80.5;64.4;85.5;82.4;51;52.9;46.3;53;51.8;...
850;30.01.1921 Staatsvertragsreferendum;77.4;55.1;44.5;52.6;44.1;55.9;37.6;65.2;48.3;55.4;59.8;71.5;63.2;84.9;72.7;74.7;80.5;64.4;85.5;82.4;51;52.9;46.3;53;51.8;...
840;31.10.1920 Arbeitszeit bei den Eisenbahnen;78.6;65.8;57.6;62.3;59.5;49.5;48.9;70.3;59;62.6;68.5;63.5;66.8;86.6;77.2;75.6;81.9;69.6;87.2;83.9;39.2;63.8;57.4;62.8;49.1;...
830;16.05.1920 Beitritt zum Völkerbund;84.2;71.4;69.3;76.9;75;68.8;70.2;80.1;74.5;74.9;77;71.6;77.1;88.2;81.7;83.9;86.8;81.4;90.2;87.1;44.4;82.4;76;78.5;76.7;...
822;21.03.1920 Gegenentwurf zur Spielbanken-Initiative;66.7;58.9;45.8;48;50;35.1;35.5;66.5;44.5;58.3;52.3;44.9;60.8;82.5;74.3;72.8;79.7;70.9;83.8;65.7;40.4;57.2;50.1;50.4;44;...
821;21.03.1920 Verbot der Spielbanken;66.7;58.9;45.8;48;50;35.1;35.5;66.5;44.5;58.3;52.3;44.9;60.8;82.5;74.3;72.8;79.7;70.9;83.8;65.7;40.4;57.2;50.1;50.4;44;...
810;21.03.1920 Ordnung des Arbeitsverhältnisses;66.7;58.9;45.8;48;50;35.1;35.5;66.5;44.5;58.3;52.3;44.9;60.8;82.6;74.3;72.8;79.7;70.1;83.8;78.3;40.4;57.2;50.1;50.4;44;...
800;10.08.1919 Wahlen in den National- und Bundesrat;49.8;18.4;7.8;20.3;13.3;16.5;9.7;38.2;8.3;17.4;21.7;27.7;35.7;75.7;54;47.9;65.5;39.9;76.5;70.1;11.9;12.5;17.5;15.2;10.3;...
790;04.05.1919 Ausserordentliche Kriegssteuer;70.9;39.9;44.8;44.2;44.2;53.9;38.5;65.7;41.6;52;68.9;40.3;53.8;78.9;66.4;77.5;77.4;60.9;84.8;79.6;24;35.3;42.9;38;33.1;...
780;04.05.1919 Artikel über die Schiffahrt;70.9;39.9;46.8;44;44.3;53.9;38.7;65.7;41.6;53.2;68.9;40.3;53.8;79.1;66.4;77.5;77.6;60.8;84.8;79.6;23.4;35.3;42.9;38;33.1;...
770;13.10.1918 Proporzwahl des Nationalrates;65.1;38.6;41.1;44.1;32.3;34.4;31.8;53.9;34.2;36.4;52;43.1;36.6;76.4;65.7;73.3;75.1;61.6;82.1;80.2;22.4;35.9;35;33.8;24.3;...
760;02.06.1918 Initiative für die direkte Bundessteuer;73.6;56.3;61.4;77.7;62.4;61.4;56.1;65.6;62.3;74.1;70.3;55;54.9;80.3;74.4;75;82.2;71.4;84.3;82.9;32.7;62.6;69.3;53.9;45.4;...
750;13.05.1917 Stempelabgaben;60.4;25.4;24.9;42.6;19.7;43.4;30.6;67;23.4;31.1;42.6;28.4;36.4;72.9;71.6;73.1;73.2;56.2;85.9;77;14.3;22.6;26.4;21.6;17.2;...
740;06.06.1915 Einmalige Kriegssteuer;66.8;48.4;53;60.8;38.4;52.7;49.4;62;45.7;60.7;58.8;51.7;52.7;75.6;77.4;74.5;69;63.4;88.3;82.1;28.2;40.6;47;36;32.8;...
730;25.10.1914 Gerichtsbarkeit;51.7;28.8;29.5;70.1;19.8;30.7;28.1;57.2;19.1;35.1;32.2;29.5;45.1;69.3;67.2;72.4;68.3;45.7;79.5;75.8;20.6;34.6;41.5;37.4;52.4;...
720;04.05.1913 Krankheitsbekämpfung;57;23.9;9.2;27.4;15.8;29.2;21.2;50.4;8.8;19.3;25.3;11.6;22.5;68.7;72.4;58.8;69.8;49.8;82.5;75.9;10.4;16.5;25.7;9.9;10;...
710;04.02.1912 Kranken- und Unfallversicherung;79.1;53.8;52.2;60.9;49.1;56.3;50.1;77.2;53.2;58.9;64.7;55.9;54.4;80.8;78.1;78.4;81.3;68.6;86.5;85.5;38.9;59.3;63.8;52.3;48;...
700;23.10.1910 Proporzwahl des Nationalrates;78.4;51.2;67.9;62.4;48.3;46.1;50.5;69;56;49.6;77.6;53.6;50.3;81.5;81.7;84;89.7;68;87.1;85.9;37.3;46.4;45.4;44.6;33.1;...
690;25.10.1908 Wasserkraft und Elektrizität;72.2;37.1;28.7;35.3;49.6;32.4;24;57.2;16.2;38.3;50.2;46.5;30.2;75.4;63.2;71.7;70.2;48.6;81.6;77.6;28.6;21.1;41.4;29.4;42.9;...
680;05.07.1908 Absinthverbot;59.6;33.1;22.7;39.3;23.9;36.4;35.6;48;24.8;39.2;72.4;33.8;35;70.9;63.8;70.7;73.3;49.6;79;81.5;18.6;48.1;38.5;60.2;55.1;...
670;05.07.1908 Gewerbewesen;59.6;32.9;22.6;37.9;23.9;36.4;35.6;48;24.8;39.2;72.4;27;35;70.3;63.8;70.7;72.5;43.9;79;81.3;16;48.1;38.5;60.2;55.1;...
660;03.11.1907 Militärorganisation;87.6;71.6;68.8;77.7;75.5;66.9;76.8;78.7;74.9;73.5;82;81.4;75.1;86.8;83.4;82.6;86.8;73.8;90.3;89.7;44;62.9;61;58.7;65.2;...
650;10.06.1906 Lebensmittelngesetz;68;42.6;41.7;47.3;38.8;37.9;44.9;51.3;32.3;45.3;48.9;43.2;40.4;76.1;66.8;74.5;76.8;57.9;82.1;79.3;20.8;30.6;43.2;37.3;43;...
640;19.03.1905 Ausdehnung des Erfinderschutzes;53.2;40.2;7.2;75.3;10.7;17.7;18.1;42.7;6.5;26.2;21.1;15;26.8;73;60.9;75.5;71.8;50.8;81;77;17.9;20.9;32.3;16.1;18.6;...
630;25.10.1903 Alkoholartikel;65.3;46.8;45;58.1;34.4;39.5;39.7;64.3;31.1;45.3;55.2;49.1;47.7;81.4;70.3;79.4;76.9;56.8;81.1;61.4;24.1;39.9;40.9;39.7;48.7;...
620;25.10.1903 Wahl des Nationalrates;65.3;47.1;45;58.3;36.4;39.5;39.8;64.3;31.6;45.3;55.2;50.1;47.7;81.4;70.3;79.4;76.8;57.2;81.1;61.3;24.6;39.9;41.2;39.7;48.7;...
610;25.10.1903 Bundesstrafrecht, Anstiftung Militärpflichtiger zu Verbrechen;65.3;47.3;45;58.1;34.9;39.5;39.8;64.3;30.8;44.4;55.2;49.5;47.7;81.4;70.3;79.4;76.7;59;81.1;61.3;24.3;39.9;41;39.7;48.7;...
600;15.03.1903 Zolltarifgesetz;82.2;72.7;69.6;74.1;59.6;60.5;68.3;79.3;60.5;70.4;73.3;72.4;65.8;87.4;81;85.7;84.3;79.9;88.7;77.5;44.9;60.6;72.7;75.6;68.1;...
590;23.11.1902 Unterstützung der Primarschule;59.8;40.8;23.4;56.9;30.5;33.7;47.1;53.7;50.4;43.8;42.1;26.2;32;81.6;72.9;82.9;77.7;55.4;80.8;62;30.5;25;43.3;17.8;28;...
580;04.11.1900 Volkswahl Bundesrat;69;50.3;50.6;57.5;39.2;43.8;42.4;61.9;52.9;56.7;60.9;52.7;38.1;82.7;72.9;80.2;79.8;66.3;82.8;68.2;40.1;53;51.6;47.1;48.5;...
570;04.11.1900 Proporzwahl des Nationalrates;68.7;50.2;50.6;58.1;38.5;43.8;42.4;61.9;52.9;56.7;60.9;53;38.1;82.7;72.9;80.5;79.7;66.2;82.8;68.3;40.1;53;51.6;47.1;48.5;...
560;20.05.1900 Kranken-, Unfall- und Militärversicherung;80.9;63.3;62.3;71.3;61.4;55.5;57.9;73.5;63.5;63.6;65.5;58.5;58.5;84.5;80.9;86.4;81.5;71.4;87.1;74.7;30.8;56.1;55.4;61.9;58;...
550;13.11.1898 Strafrechtseinheit;71.3;43;40.4;73;41.2;35.1;52.7;57.9;41.3;55.1;65.6;38.9;49.3;84.7;71.9;79.8;77.3;64.2;82.8;62;24;31.4;50.5;22;38.2;...
540;13.11.1898 Zivilrechtseinheit;71.3;43;40.4;72.9;40.8;35.1;52.7;57.9;40.8;55.1;65.6;38.9;49.3;84.7;71.9;79.8;77.2;64;82.8;61;24.1;31.4;50.5;22;38.2;...
530;20.02.1898 Schweiz. Bundesbahnen;88.7;75.2;77.7;88.6;63.7;76;75.4;73;66.1;80.8;77.5;78.1;75.5;90.3;80.2;84.1;86.9;81.9;91.3;83.7;49.9;72.9;81;68.9;67;...
520;11.07.1897 Lebensmittelpolizei;55.5;36.4;17.5;49.4;12.2;23.7;27.3;36.3;10.7;32;33.4;16.5;27.2;78.3;58;68;69.5;44.5;78.7;55.4;16.8;16.7;29.7;13.8;17.6;...
510;11.07.1897 Wasserbau- und Forstpolizei;55.5;36.2;17.2;49.1;11.9;23.7;27.3;36.3;10.3;32;33.4;16.5;27.2;78.3;58;68;69.3;44.2;78.7;55.4;16.6;16.7;29.7;13.8;17.6;...
500;28.02.1897 Schweizerische Bundesbank;76;56.7;60.9;76.5;43.1;44.4;59.7;63.1;38.1;66.7;60.7;46.3;41.9;84.9;72;83.8;80.6;70.8;85.6;67.7;36.9;69.1;63.9;55.7;59.9;...
490;04.10.1896 Disciplinarstrafordnung der Armee;71.4;46.7;47;73.6;39.1;48.1;56.1;56.5;46.4;64.9;46.7;49.1;48.5;87.2;75.7;85.2;76.7;66.2;85.9;65.8;33;49;55;42.4;46.3;...
480;04.10.1896 Eisenbahnenrechnungsgesetz;71.4;47;47;73.5;39.5;48.1;56.1;56.5;46.8;64.9;46.7;49.1;48.5;87.2;75.7;85.3;76.9;67.3;85.9;65.9;35.8;49;55;42.4;46.3;...
470;04.10.1896 Viehhandelsgesetz;71.4;46.6;46.9;73.4;38.1;48.1;56.1;56.5;44.8;64.9;46.7;49.1;48.5;87.2;75.7;85.2;76.6;66.3;85.9;65.9;34.7;49;55;42.4;46.3;...
460;03.11.1895 Militärartikel;78.1;59.6;67.2;82.6;65.2;65.3;72.6;77.1;70;76.5;57.6;59.3;56.1;87;78.5;86.7;79.4;71.4;86.9;71.6;40.8;62.8;66.4;58.8;59.2;...
450;29.09.1895 Zündhölzchenmonopol;67.1;36.7;28.3;63.2;20.6;30.2;39.5;49.4;19.4;43;37.3;37.3;42.4;83.3;69.9;74.5;73;58.4;82.3;61.7;24.8;35.8;42.2;39.4;40.7;...
440;03.02.1895 Gesandtschaftsgesetz;63.4;44.8;21.2;59.4;19.5;24;31.6;44.3;18.6;38.5;26.3;14.4;32.4;80.6;61.7;77.8;70.8;56.7;80.5;60.1;27.8;26.1;41.8;37.7;33.3;...
430;04.11.1894 Zollinitiative;79;71.4;77.5;88.5;72.2;71.1;76.2;62.9;68.5;79.7;76.6;64.4;62;88.1;82.5;88.2;81.5;82.5;89.2;75.3;48.6;57.5;76.9;62.3;61.8;...
420;03.06.1894 Recht auf Arbeit;73.3;54.2;37.5;60.3;37.5;39.1;40.1;54.4;27.4;49.5;42.7;49.4;46.2;84.8;77;82.5;76.7;60.7;82.7;66.3;32.4;52.9;46.3;51.2;47.2;...
410;04.03.1894 Vorschriften für das Gewerbe;67.6;36.4;19.3;63.3;17.3;33.3;35.1;47.6;15.1;37.6;25.9;16.3;32.3;79.8;69.1;83.6;73.1;62.8;81.3;59.3;38.9;31.6;38.4;34.7;36.9;...
360;05.07.1891 Einführung der Volksinitiative;74.7;36.3;34.1;65.1;33;42.1;36.8;59.9;18;47.4;33.4;20.2;50.5;84.2;73.8;81.4;73.3;55.2;82.8;63.5;35.9;23.7;47.8;17.4;36.3;...
330;17.11.1889 Schuldbetreibung und Konkurs;84.1;59.1;80.2;88.3;65;84.8;67.6;71.5;66.7;73.9;72.2;67.2;68.3;86.9;85.6;71.4;81.2;70.5;88.6;75.1;47;67.8;72.9;54.2;55.4;...
320;10.07.1887 Erfindungsschutz;68;32.4;14.8;53.5;9.4;22.7;21.7;40.5;11.8;30.2;40.5;24.2;44.1;84.5;72.4;35.9;69;47;80.9;64;20.7;21.3;25.7;26.7;35.7;...
310;15.05.1887 Alkoholmonopol;77.9;60.9;55.7;84.5;44;66.9;62.5;70.6;40.9;59.8;65.1;50.7;66.6;85;81;65.5;73;64.1;86.3;70;36.5;40.7;50.2;47.6;54.2;...
290;11.05.1884 Gesandtschaft in Washington;72.6;48.3;65.6;88.1;47;71.4;67;61;54.3;71;70.2;53.6;57.4;84.9;80.4;56;76.1;70.1;87.8;66.5;42.3;33.3;66.3;26.9;39.6;...
280;11.05.1884 Bundesstrafrecht (Stabio Artikel);72.6;48.3;65.6;88.1;47;71.4;67;61;54.3;71;70.2;53.6;57.4;84.9;80.4;56;76.1;70.1;87.8;66.5;42.3;33.3;66.3;26.9;39.6;...
270;11.05.1884 Patenttaxen der Handelsreisenden;72.6;48.3;65.6;88.1;47;71.4;67;61;54.3;71;70.2;53.6;57.4;84.9;80.4;56;76.1;70.1;87.8;66.5;42.3;33.3;66.3;26.9;39.6;...
260;11.05.1884 Organisation des Justiz- und Polizeidepartements;72.6;48.3;65.6;88.1;47;71.4;67;61;54.3;71;70.2;53.6;57.4;84.9;80.4;56;76.1;70.1;87.8;66.5;42.3;33.3;66.3;26.9;39.6;...
