Zürich;Bern / Berne;Luzern;Uri;Schwyz;Obwalden;Nidwalden;Glarus;Zug;Fribourg / Freiburg;Solothurn;Basel-Stadt;Basel-Landschaft;Schaffhausen;Appenzell Ausserrhoden;Appenzell Innerrhoden;St. Gallen;Graubünden / Grigioni / Grischun;Aargau;Thurgau;Ticino;Vaud;Valais / Wallis;Neuchâtel;Genève
918806;732704;273702;26543;103338;26485;31015;26348;75678;198479;178722;114182;188725;51408;38747;11703;319617;137699;419296;169740;220035;435066;218830;112006;255267
917761;732699;273315;26549;103090;26360;30977;26318;75452;198106;178641;114227;188591;51349;38768;11692;319903;137697;418359;169494;219560;433408;218417;111910;253988
917761;732699;273315;26549;103090;26360;30977;26318;75452;198106;178641;114227;188591;51349;38768;11692;319903;137697;418359;169494;219560;433408;218417;111910;253988
917761;732699;273315;26549;103090;26360;30977;26318;75452;198106;178641;114227;188591;51349;38768;11692;319903;137697;418359;169494;219560;433408;218417;111910;253988
914320;731290;272852;26462;102726;26277;30919;26307;75207;197116;177994;114236;188237;51295;38651;11683;318925;137587;416963;168872;219306;431220;217557;111678;253268
914320;731290;272852;26462;102726;26277;30919;26307;75207;197116;177994;114236;188237;51295;38651;11683;318925;137587;416963;168872;219306;431220;217557;111678;253268
914320;731290;272852;26462;102726;26277;30919;26307;75207;197116;177994;114236;188237;51295;38651;11683;318925;137587;416963;168872;219306;431220;217557;111678;253268
914320;731290;272852;26462;102726;26277;30919;26307;75207;197116;177994;114236;188237;51295;38651;11683;318925;137587;416963;168872;219306;431220;217557;111678;253268
914320;731290;272852;26462;102726;26277;30919;26307;75207;197116;177994;114236;188237;51295;38651;11683;318925;137587;416963;168872;219306;431220;217557;111678;253268
912538;730450;272213;26413;102690;26286;30941;26309;75192;196710;177793;113979;188192;51196;38665;11669;318446;137629;415963;168507;218853;429852;217432;111504;251216
912538;730450;272213;26413;102690;26286;30941;26309;75192;196710;177793;113979;188192;51196;38665;11669;318446;137629;415963;168507;218853;429852;217432;111504;251216
912538;730450;272213;26413;102690;26286;30941;26309;75192;196710;177793;113979;188192;51196;38665;11669;318446;137629;415963;168507;218853;429852;217432;111504;251216
912538;730450;272213;26413;102690;26286;30941;26309;75192;196710;177793;113979;188192;51196;38665;11669;318446;137629;415963;168507;218853;429852;217432;111504;251216
903592;727478;270219;26350;101635;26129;30731;26184;74399;195331;176945;113949;187734;50863;38414;11571;317097;136806;413193;167060;217953;425616;215458;111236;247142
903592;727478;270219;26350;101635;26129;30731;26184;74399;195331;176945;113949;187734;50863;38414;11571;317097;136806;413193;167060;217953;425616;215458;111236;247142
903592;727478;270219;26350;101635;26129;30731;26184;74399;195331;176945;113949;187734;50863;38414;11571;317097;136806;413193;167060;217953;425616;215458;111236;247142
903592;727478;270219;26350;101635;26129;30731;26184;74399;195331;176945;113949;187734;50863;38414;11571;317097;136806;413193;167060;217953;425616;215458;111236;247142
901654;726759;269366;26320;101716;25996;30755;26217;74266;194607;176551;114047;187989;50849;38346;11559;316575;136802;411810;166524;217570;424402;214963;111080;246304
901654;726759;269366;26320;101716;25996;30755;26217;74266;194607;176551;114047;187989;50849;38346;11559;316575;136802;411810;166524;217570;424402;214963;111080;246304
900004;726452;268971;26349;101381;26035;30677;26288;73977;194133;176550;114138;187690;50863;38263;11521;316462;136475;411295;165943;217420;423570;214327;110888;245977
900004;726452;268971;26349;101381;26035;30677;26288;73977;194133;176550;114138;187690;50863;38263;11521;316462;136475;411295;165943;217420;423570;214327;110888;245977
900004;726452;268971;26349;101381;26035;30677;26288;73977;194133;176550;114138;187690;50863;38263;11521;316462;136475;411295;165943;217420;423570;214327;110888;245977
898552;725925;268521;26346;101112;25976;30679;26242;73690;193445;176558;114188;187380;50796;38200;11513;316267;136567;410756;165766;217292;422483;213981;111006;245128
898552;725925;268521;26346;101112;25976;30679;26242;73690;193445;176558;114188;187380;50796;38200;11513;316267;136567;410756;165766;217292;422483;213981;111006;245128
894481;724427;267190;26278;100869;25905;30635;26153;73338;192276;176119;114051;187247;50681;38330;11473;315484;136545;409013;165327;216495;420643;212905;110691;243676
894481;724427;267190;26278;100869;25905;30635;26153;73338;192276;176119;114051;187247;50681;38330;11473;315484;136545;409013;165327;216495;420643;212905;110691;243676
894481;724427;267190;26278;100869;25905;30635;26153;73338;192276;176119;114051;187247;50681;38330;11473;315484;136545;409013;165327;216495;420643;212905;110691;243676
894481;724427;267190;26278;100869;25905;30635;26153;73338;192276;176119;114051;187247;50681;38330;11473;315484;136545;409013;165327;216495;420643;212905;110691;243676
892236;724046;266315;26238;100884;25846;30655;26149;73385;191685;175704;113929;187103;50584;38110;11447;314787;136368;407796;164958;215852;419300;212535;110629;243652
892236;724046;266315;26238;100884;25846;30655;26149;73385;191685;175704;113929;187103;50584;38110;11447;314787;136368;407796;164958;215852;419300;212535;110629;243652
892236;724046;266315;26238;100884;25846;30655;26149;73385;191685;175704;113929;187103;50584;38110;11447;314787;136368;407796;164958;215852;419300;212535;110629;243652
890934;722827;265968;26226;100449;25790;30590;26106;72923;191279;175816;114044;186850;50637;38005;11429;314713;136139;407177;164554;215613;418063;212264;110457;243809
890934;722827;265968;26226;100449;25790;30590;26106;72923;191279;175816;114044;186850;50637;38005;11429;314713;136139;407177;164554;215613;418063;212264;110457;243809
890934;722827;265968;26226;100449;25790;30590;26106;72923;191279;175816;114044;186850;50637;38005;11429;314713;136139;407177;164554;215613;418063;212264;110457;243809
889444;722153;265444;26212;100088;25766;30589;26067;72917;190478;175570;114087;186686;50614;37981;11451;314097;135990;406534;164146;215089;417213;211359;110398;243535
889444;722153;265444;26212;100088;25766;30589;26067;72917;190478;175570;114087;186686;50614;37981;11451;314097;135990;406534;164146;215089;417213;211359;110398;243535
889444;722153;265444;26212;100088;25766;30589;26067;72917;190478;175570;114087;186686;50614;37981;11451;314097;135990;406534;164146;215089;417213;211359;110398;243535
887436;721090;264643;26200;99689;25616;30616;26062;72756;189691;175190;114035;186776;50484;37858;11445;313623;135955;405210;163607;215181;416503;210282;110428;242774
887436;721090;264643;26200;99689;25616;30616;26062;72756;189691;175190;114035;186776;50484;37858;11445;313623;135955;405210;163607;215181;416503;210282;110428;242774
886472;720162;263813;26214;99707;25521;30567;26096;72663;189090;174869;113966;186367;50483;37738;11421;312962;136186;404017;163158;214297;415194;209947;110240;242800
886472;720162;263813;26214;99707;25521;30567;26096;72663;189090;174869;113966;186367;50483;37738;11421;312962;136186;404017;163158;214297;415194;209947;110240;242800
886472;720162;263813;26214;99707;25521;30567;26096;72663;189090;174869;113966;186367;50483;37738;11421;312962;136186;404017;163158;214297;415194;209947;110240;242800
885022;719780;263083;26167;99197;25444;30476;26124;72602;188482;174689;114092;186621;50479;37778;11412;313554;135734;403081;162777;213922;414265;209044;110051;242215
884027;719304;262677;26161;99066;25440;30484;25865;72449;187922;174501;114139;186360;50413;37733;11394;313284;135603;402529;162546;213496;413590;208666;110064;241761
884027;719304;262677;26161;99066;25440;30484;25865;72449;187922;174501;114139;186360;50413;37733;11394;313284;135603;402529;162546;213496;413590;208666;110064;241761
884027;719304;262677;26161;99066;25440;30484;25865;72449;187922;174501;114139;186360;50413;37733;11394;313284;135603;402529;162546;213496;413590;208666;110064;241761
882250;717995;261876;26104;98687;25328;30536;26125;72314;186956;173984;114180;186735;50413;37825;11416;312574;135640;401380;161789;212890;412672;207911;109967;241154
882250;717995;261876;26104;98687;25328;30536;26125;72314;186956;173984;114180;186735;50413;37825;11416;312574;135640;401380;161789;212890;412672;207911;109967;241154
882250;717995;261876;26104;98687;25328;30536;26125;72314;186956;173984;114180;186735;50413;37825;11416;312574;135640;401380;161789;212890;412672;207911;109967;241154
881041;717009;261034;26106;98679;25299;30447;26133;72196;186331;173673;113973;186651;49926;37720;11402;311973;135498;400215;161238;212407;412036;207325;109976;240067
881041;717009;261034;26106;98679;25299;30447;26133;72196;186331;173673;113973;186651;49926;37720;11402;311973;135498;400215;161238;212407;412036;207325;109976;240067
881041;717009;261034;26106;98679;25299;30447;26133;72196;186331;173673;113973;186651;49926;37720;11402;311973;135498;400215;161238;212407;412036;207325;109976;240067
881041;717009;261034;26106;98679;25299;30447;26133;72196;186331;173673;113973;186651;49926;37720;11402;311973;135498;400215;161238;212407;412036;207325;109976;240067
881041;717009;261034;26106;98679;25299;30447;26133;72196;186331;173673;113973;186651;49926;37720;11402;311973;135498;400215;161238;212407;412036;207325;109976;240067
873069;710987;257570;26034;97849;25117;30265;25991;71663;183402;172059;113781;186188;49494;37459;11266;309408;135061;395978;159148;210816;407150;203893;109519;238654
871260;710648;256949;26078;97444;25058;30230;25896;71446;182880;171804;114021;186325;49406;37438;11268;308795;134686;395251;158850;210812;406379;203172;109628;237809
871260;710648;256949;26078;97444;25058;30230;25896;71446;182880;171804;114021;186325;49406;37438;11268;308795;134686;395251;158850;210812;406379;203172;109628;237809
871260;710648;256949;26078;97444;25058;30230;25896;71446;182880;171804;114021;186325;49406;37438;11268;308795;134686;395251;158850;210812;406379;203172;109628;237809
869701;710691;256619;26050;97095;25011;30119;25845;71168;182354;171715;114049;186078;49344;37335;11233;308008;134535;394414;158560;210302;406468;202764;109614;237759
867568;707615;254770;25966;96746;24783;30039;25792;71005;180715;170568;113666;185737;49017;37442;11267;306065;134459;391210;157562;209535;402587;201509;109068;236294
867568;707615;254770;25966;96746;24783;30039;25792;71005;180715;170568;113666;185737;49017;37442;11267;306065;134459;391210;157562;209535;402587;201509;109068;236294
867568;707615;254770;25966;96746;24783;30039;25792;71005;180715;170568;113666;185737;49017;37442;11267;306065;134459;391210;157562;209535;402587;201509;109068;236294
864730;707025;253818;25949;96397;24680;30006;25750;70903;179912;170721;113740;185704;49000;37387;11138;305694;133871;389964;157273;209452;401595;200822;108652;235497
864730;707025;253818;25949;96397;24680;30006;25750;70903;179912;170721;113740;185704;49000;37387;11138;305694;133871;389964;157273;209452;401595;200822;108652;235497
864730;707025;253818;25949;96397;24680;30006;25750;70903;179912;170721;113740;185704;49000;37387;11138;305694;133871;389964;157273;209452;401595;200822;108652;235497
862636;706767;253372;25947;96282;24625;30009;25760;70620;179576;170533;113725;185757;49023;37415;11102;305106;133893;389185;156798;209020;400004;200171;108326;235265
862636;706767;253372;25947;96282;24625;30009;25760;70620;179576;170533;113725;185757;49023;37415;11102;305106;133893;389185;156798;209020;400004;200171;108326;235265
858347;704854;252042;25925;95939;24401;29942;25683;70804;178542;170161;113712;185269;48866;37379;11032;304151;133562;387421;155933;208303;397934;199324;107765;234036
858347;704854;252042;25925;95939;24401;29942;25683;70804;178542;170161;113712;185269;48866;37379;11032;304151;133562;387421;155933;208303;397934;199324;107765;234036
856095;703313;250963;25841;95967;24318;29964;25684;71043;177788;169906;113577;185371;48850;37179;10989;303175;133525;386265;155434;207557;396310;198910;107643;234184
854299;702946;250553;25772;95577;24246;29842;25655;70971;177380;169833;113785;184694;48842;37199;10988;302825;133046;385496;155034;207323;396255;198526;107621;234606
854299;702946;250553;25772;95577;24246;29842;25655;70971;177380;169833;113785;184694;48842;37199;10988;302825;133046;385496;155034;207323;396255;198526;107621;234606
854299;702946;250553;25772;95577;24246;29842;25655;70971;177380;169833;113785;184694;48842;37199;10988;302825;133046;385496;155034;207323;396255;198526;107621;234606
854299;702946;250553;25772;95577;24246;29842;25655;70971;177380;169833;113785;184694;48842;37199;10988;302825;133046;385496;155034;207323;396255;198526;107621;234606
854299;702946;250553;25772;95577;24246;29842;25655;70971;177380;169833;113785;184694;48842;37199;10988;302825;133046;385496;155034;207323;396255;198526;107621;234606
849224;702599;249086;25716;94773;24092;29697;25566;70594;175633;169420;113676;184642;48810;37103;10969;301461;132892;382701;154147;206396;392889;197866;107268;232880
849224;702599;249086;25716;94773;24092;29697;25566;70594;175633;169420;113676;184642;48810;37103;10969;301461;132892;382701;154147;206396;392889;197866;107268;232880
849224;702599;249086;25716;94773;24092;29697;25566;70594;175633;169420;113676;184642;48810;37103;10969;301461;132892;382701;154147;206396;392889;197866;107268;232880
846987;701599;248197;25694;94732;23961;29667;25557;70508;174696;169100;113557;184519;48748;36994;10926;300573;132836;381731;153765;205614;390870;197800;107160;232370
846987;701599;248197;25694;94732;23961;29667;25557;70508;174696;169100;113557;184519;48748;36994;10926;300573;132836;381731;153765;205614;390870;197800;107160;232370
841024;699548;246160;25672;93608;23817;29455;25438;69992;172920;168698;113977;183652;48678;36936;10847;298962;132316;378678;152477;204551;387762;196328;106858;231310
838399;698194;245338;25631;93411;23778;29468;25346;70041;172276;168513;113845;183260;48514;36860;10789;298206;132263;377146;152022;203880;385903;195886;106795;229380
835108;697168;244576;25651;93033;23679;29283;25290;69842;171873;168310;113972;182973;48495;36798;10759;297601;132021;376440;151724;203681;384327;195203;106721;228778
835108;697168;244576;25651;93033;23679;29283;25290;69842;171873;168310;113972;182973;48495;36798;10759;297601;132021;376440;151724;203681;384327;195203;106721;228778
833225;696731;244172;25633;92774;23599;29214;25291;69572;171441;168160;114106;182648;48454;36751;10714;297421;131926;375133;151323;202857;383570;194821;106702;228264
833225;696731;244172;25633;92774;23599;29214;25291;69572;171441;168160;114106;182648;48454;36751;10714;297421;131926;375133;151323;202857;383570;194821;106702;228264
833225;696731;244172;25633;92774;23599;29214;25291;69572;171441;168160;114106;182648;48454;36751;10714;297421;131926;375133;151323;202857;383570;194821;106702;228264
829938;694636;243236;25642;92247;23478;29109;25107;69426;170540;167859;114494;182294;48310;36590;10653;296340;131903;373871;150731;202590;382341;194044;106493;226858
826793;692985;242163;25648;91825;23307;29029;25120;69202;169278;167555;114888;181776;48292;36557;10580;295359;131220;371902;149726;202140;380184;193347;106076;225644
826793;692985;242163;25648;91825;23307;29029;25120;69202;169278;167555;114888;181776;48292;36557;10580;295359;131220;371902;149726;202140;380184;193347;106076;225644
825133;692461;241734;25665;91722;23261;28926;25077;68968;168960;167494;114965;181475;48266;36362;10572;295051;131138;371089;149396;202002;379393;193090;106131;225152
822388;690777;240825;25577;91207;23200;28764;25037;68641;168096;167002;115140;181146;48203;36199;10472;294030;131002;369928;148682;201511;378421;192368;105852;223612
822388;690777;240825;25577;91207;23200;28764;25037;68641;168096;167002;115140;181146;48203;36199;10472;294030;131002;369928;148682;201511;378421;192368;105852;223612
818493;689155;239867;25599;90924;23081;28644;25002;68043;167089;166582;115373;180710;48105;36320;10400;292991;130816;367907;147952;200833;376898;191607;105705;223209
818493;689155;239867;25599;90924;23081;28644;25002;68043;167089;166582;115373;180710;48105;36320;10400;292991;130816;367907;147952;200833;376898;191607;105705;223209
818493;689155;239867;25599;90924;23081;28644;25002;68043;167089;166582;115373;180710;48105;36320;10400;292991;130816;367907;147952;200833;376898;191607;105705;223209
817621;688445;239619;25575;90689;23090;28591;25071;68007;166565;166564;115557;180250;48152;36278;10367;292662;130680;367166;147957;200557;376373;191198;105640;222852
817621;688445;239619;25575;90689;23090;28591;25071;68007;166565;166564;115557;180250;48152;36278;10367;292662;130680;367166;147957;200557;376373;191198;105640;222852
817621;688445;239619;25575;90689;23090;28591;25071;68007;166565;166564;115557;180250;48152;36278;10367;292662;130680;367166;147957;200557;376373;191198;105640;222852
817621;688445;239619;25575;90689;23090;28591;25071;68007;166565;166564;115557;180250;48152;36278;10367;292662;130680;367166;147957;200557;376373;191198;105640;222852
814951;686750;238654;25539;90372;23020;28453;25027;67742;165633;166349;115518;179814;48076;36159;10302;291947;130468;365763;147270;199628;375250;190467;105312;221351
814951;686750;238654;25539;90372;23020;28453;25027;67742;165633;166349;115518;179814;48076;36159;10302;291947;130468;365763;147270;199628;375250;190467;105312;221351
814951;686750;238654;25539;90372;23020;28453;25027;67742;165633;166349;115518;179814;48076;36159;10302;291947;130468;365763;147270;199628;375250;190467;105312;221351
813232;685455;237798;25484;90327;22980;28342;24989;67809;165061;165930;116541;179535;48054;35572;10284;291592;130358;364697;146793;199063;374771;190061;105317;220667
813232;685455;237798;25484;90327;22980;28342;24989;67809;165061;165930;116541;179535;48054;35572;10284;291592;130358;364697;146793;199063;374771;190061;105317;220667
813232;685455;237798;25484;90327;22980;28342;24989;67809;165061;165930;116541;179535;48054;35572;10284;291592;130358;364697;146793;199063;374771;190061;105317;220667
808049;683773;236813;25542;89466;22856;28095;24871;66627;163786;165758;116680;178195;48005;35942;10213;290016;129445;362791;145689;198338;373229;188577;105048;218547
808049;683773;236813;25542;89466;22856;28095;24871;66627;163786;165758;116680;178195;48005;35942;10213;290016;129445;362791;145689;198338;373229;188577;105048;218547
808049;683773;236813;25542;89466;22856;28095;24871;66627;163786;165758;116680;178195;48005;35942;10213;290016;129445;362791;145689;198338;373229;188577;105048;218547
808049;683773;236813;25542;89466;22856;28095;24871;66627;163786;165758;116680;178195;48005;35942;10213;290016;129445;362791;145689;198338;373229;188577;105048;218547
808049;683773;236813;25542;89466;22856;28095;24871;66627;163786;165758;116680;178195;48005;35942;10213;290016;129445;362791;145689;198338;373229;188577;105048;218547
808049;683773;236813;25542;89466;22856;28095;24871;66627;163786;165758;116680;178195;48005;35942;10213;290016;129445;362791;145689;198338;373229;188577;105048;218547
808049;683773;236813;25542;89466;22856;28095;24871;66627;163786;165758;116680;178195;48005;35942;10213;290016;129445;362791;145689;198338;373229;188577;105048;218547
808049;683773;236813;25542;89466;22856;28095;24871;66627;163786;165758;116680;178195;48005;35942;10213;290016;129445;362791;145689;198338;373229;188577;105048;218547
808049;683773;236813;25542;89466;22856;28095;24871;66627;163786;165758;116680;178195;48005;35942;10213;290016;129445;362791;145689;198338;373229;188577;105048;218547
807476;681855;236186;25495;89187;22863;27956;24847;66568;162997;165701;117007;177936;47980;35862;10173;289986;129155;361381;145238;198284;372764;188111;104635;217821
807476;681855;236186;25495;89187;22863;27956;24847;66568;162997;165701;117007;177936;47980;35862;10173;289986;129155;361381;145238;198284;372764;188111;104635;217821
805245;682010;235967;25513;88773;22793;27857;24825;66680;162663;165498;117190;177910;47969;35816;10017;290048;129018;361006;144986;197934;372056;187541;104799;217632
805245;682010;235967;25513;88773;22793;27857;24825;66680;162663;165498;117190;177910;47969;35816;10017;290048;129018;361006;144986;197934;372056;187541;104799;217632
803651;681520;235599;25445;88576;22747;27866;24757;66501;162268;165380;117414;177870;47957;35803;10144;289872;128926;360199;144779;198001;371470;187229;104724;217280
803651;681520;235599;25445;88576;22747;27866;24757;66501;162268;165380;117414;177870;47957;35803;10144;289872;128926;360199;144779;198001;371470;187229;104724;217280
803651;681520;235599;25445;88576;22747;27866;24757;66501;162268;165380;117414;177870;47957;35803;10144;289872;128926;360199;144779;198001;371470;187229;104724;217280
801371;680119;234831;25438;88055;22679;27729;24696;66049;161605;164901;117631;177215;48385;35773;10101;288416;128730;359122;144139;197350;370854;186215;104645;216438
801371;680119;234831;25438;88055;22679;27729;24696;66049;161605;164901;117631;177215;48385;35773;10101;288416;128730;359122;144139;197350;370854;186215;104645;216438
799376;679161;234381;25443;87810;22592;27687;24669;65997;161179;164674;117782;177060;48217;35751;10092;287615;129005;357968;143884;196775;369687;186278;104456;215860
799376;679161;234381;25443;87810;22592;27687;24669;65997;161179;164674;117782;177060;48217;35751;10092;287615;129005;357968;143884;196775;369687;186278;104456;215860
797993;678411;234106;25431;87387;22541;27492;24607;65684;160661;164576;118034;176690;48087;35749;9958;286882;128556;357261;143649;196321;369124;185642;104496;215222
797993;678411;234106;25431;87387;22541;27492;24607;65684;160661;164576;118034;176690;48087;35749;9958;286882;128556;357261;143649;196321;369124;185642;104496;215222
797993;678411;234106;25431;87387;22541;27492;24607;65684;160661;164576;118034;176690;48087;35749;9958;286882;128556;357261;143649;196321;369124;185642;104496;215222
797993;678411;234106;25431;87387;22541;27492;24607;65684;160661;164576;118034;176690;48087;35749;9958;286882;128556;357261;143649;196321;369124;185642;104496;215222
797993;678411;234106;25431;87387;22541;27492;24607;65684;160661;164576;118034;176690;48087;35749;9958;286882;128556;357261;143649;196321;369124;185642;104496;215222
794109;677735;233288;25465;86787;22441;27309;24614;65434;159837;164267;118411;176655;48049;35709;10063;286060;128498;355430;143055;195550;368278;184937;104535;213949
794109;677735;233288;25465;86787;22441;27309;24614;65434;159837;164267;118411;176655;48049;35709;10063;286060;128498;355430;143055;195550;368278;184937;104535;213949
794109;677735;233288;25465;86787;22441;27309;24614;65434;159837;164267;118411;176655;48049;35709;10063;286060;128498;355430;143055;195550;368278;184937;104535;213949
791643;676680;232622;25429;86485;22352;27267;24566;65236;159289;164145;118787;176391;47977;35600;10018;285631;128444;354643;142678;195100;367725;184643;104410;212795
791643;676680;232622;25429;86485;22352;27267;24566;65236;159289;164145;118787;176391;47977;35600;10018;285631;128444;354643;142678;195100;367725;184643;104410;212795
791643;676680;232622;25429;86485;22352;27267;24566;65236;159289;164145;118787;176391;47977;35600;10018;285631;128444;354643;142678;195100;367725;184643;104410;212795
789576;676646;232583;25449;85954;22304;27150;24550;65035;158702;164254;119105;176158;48004;35626;10026;284893;128016;354019;142468;194935;367260;184289;104241;211889
789576;676646;232583;25449;85954;22304;27150;24550;65035;158702;164254;119105;176158;48004;35626;10026;284893;128016;354019;142468;194935;367260;184289;104241;211889
789576;676646;232583;25449;85954;22304;27150;24550;65035;158702;164254;119105;176158;48004;35626;10026;284893;128016;354019;142468;194935;367260;184289;104241;211889
789576;676646;232583;25449;85954;22304;27150;24550;65035;158702;164254;119105;176158;48004;35626;10026;284893;128016;354019;142468;194935;367260;184289;104241;211889
789576;676646;232583;25449;85954;22304;27150;24550;65035;158702;164254;119105;176158;48004;35626;10026;284893;128016;354019;142468;194935;367260;184289;104241;211889
788120;676980;232385;25478;85738;22278;27039;24571;64949;158626;163983;119468;175866;48036;35673;10066;284761;127916;353240;142428;194476;366762;183961;104413;211342
788120;676980;232385;25478;85738;22278;27039;24571;64949;158626;163983;119468;175866;48036;35673;10066;284761;127916;353240;142428;194476;366762;183961;104413;211342
788120;676980;232385;25478;85738;22278;27039;24571;64949;158626;163983;119468;175866;48036;35673;10066;284761;127916;353240;142428;194476;366762;183961;104413;211342
788120;676980;232385;25478;85738;22278;27039;24571;64949;158626;163983;119468;175866;48036;35673;10066;284761;127916;353240;142428;194476;366762;183961;104413;211342
788120;676980;232385;25478;85738;22278;27039;24571;64949;158626;163983;119468;175866;48036;35673;10066;284761;127916;353240;142428;194476;366762;183961;104413;211342
785473;675852;231627;25440;85133;22206;26957;24558;64691;157996;163512;119894;175700;48137;35622;10032;284281;127989;352338;141611;193550;366235;183539;104572;209614
784581;675545;231096;25447;84829;22144;26897;24592;64484;157776;163665;119980;175484;48075;35628;10021;284064;128039;351523;141460;193145;365726;183363;104770;208911
784581;675545;231096;25447;84829;22144;26897;24592;64484;157776;163665;119980;175484;48075;35628;10021;284064;128039;351523;141460;193145;365726;183363;104770;208911
784581;675545;231096;25447;84829;22144;26897;24592;64484;157776;163665;119980;175484;48075;35628;10021;284064;128039;351523;141460;193145;365726;183363;104770;208911
784581;675545;231096;25447;84829;22144;26897;24592;64484;157776;163665;119980;175484;48075;35628;10021;284064;128039;351523;141460;193145;365726;183363;104770;208911
784581;675545;231096;25447;84829;22144;26897;24592;64484;157776;163665;119980;175484;48075;35628;10021;284064;128039;351523;141460;193145;365726;183363;104770;208911
781168;675527;230269;25416;84038;22029;26699;24574;64068;156766;163554;121751;175053;48173;35566;9911;282883;127182;349923;140585;192054;365649;182333;104828;208389
781168;675527;230269;25416;84038;22029;26699;24574;64068;156766;163554;121751;175053;48173;35566;9911;282883;127182;349923;140585;192054;365649;182333;104828;208389
781168;675527;230269;25416;84038;22029;26699;24574;64068;156766;163554;121751;175053;48173;35566;9911;282883;127182;349923;140585;192054;365649;182333;104828;208389
781168;675527;230269;25416;84038;22029;26699;24574;64068;156766;163554;121751;175053;48173;35566;9911;282883;127182;349923;140585;192054;365649;182333;104828;208389
781168;675527;230269;25416;84038;22029;26699;24574;64068;156766;163554;121751;175053;48173;35566;9911;282883;127182;349923;140585;192054;365649;182333;104828;208389
779916;675171;230080;25422;83803;22008;26666;24573;64096;156372;163584;122032;174807;48261;35439;9917;282785;127450;349464;140451;192452;365099;182263;104725;208113
779658;675435;230111;25474;83464;22006;26590;24538;63917;156213;163614;122600;174813;48299;35510;9929;283328;127433;348975;140411;191544;365071;182212;104716;207843
779658;675435;230111;25474;83464;22006;26590;24538;63917;156213;163614;122600;174813;48299;35510;9929;283328;127433;348975;140411;191544;365071;182212;104716;207843
779658;675435;230111;25474;83464;22006;26590;24538;63917;156213;163614;122600;174813;48299;35510;9929;283328;127433;348975;140411;191544;365071;182212;104716;207843
779658;675435;230111;25474;83464;22006;26590;24538;63917;156213;163614;122600;174813;48299;35510;9929;283328;127433;348975;140411;191544;365071;182212;104716;207843
778760;675394;230020;25473;83378;22018;26531;24612;63630;156113;163768;123066;174844;48445;35519;9977;282899;126946;349097;140218;190882;365199;181697;104805;207650
778760;675394;230020;25473;83378;22018;26531;24612;63630;156113;163768;123066;174844;48445;35519;9977;282899;126946;349097;140218;190882;365199;181697;104805;207650
778760;675394;230020;25473;83378;22018;26531;24612;63630;156113;163768;123066;174844;48445;35519;9977;282899;126946;349097;140218;190882;365199;181697;104805;207650
778760;675394;230020;25473;83378;22018;26531;24612;63630;156113;163768;123066;174844;48445;35519;9977;282899;126946;349097;140218;190882;365199;181697;104805;207650
777916;675758;230010;25509;83202;21975;26397;24661;63421;155859;163781;123399;174692;48432;35557;9964;282806;126751;348608;140076;190765;365054;181242;104690;207714
777916;675758;230010;25509;83202;21975;26397;24661;63421;155859;163781;123399;174692;48432;35557;9964;282806;126751;348608;140076;190765;365054;181242;104690;207714
777916;675758;230010;25509;83202;21975;26397;24661;63421;155859;163781;123399;174692;48432;35557;9964;282806;126751;348608;140076;190765;365054;181242;104690;207714
776663;675375;229678;25458;82754;21875;26342;24669;63095;155461;163877;123824;174603;48469;35510;9949;282736;126569;347767;139734;190271;364187;180931;104711;207105
776663;675375;229678;25458;82754;21875;26342;24669;63095;155461;163877;123824;174603;48469;35510;9949;282736;126569;347767;139734;190271;364187;180931;104711;207105
776663;675375;229678;25458;82754;21875;26342;24669;63095;155461;163877;123824;174603;48469;35510;9949;282736;126569;347767;139734;190271;364187;180931;104711;207105
775327;675225;228951;25452;82065;21763;26125;24662;62371;154527;163872;125506;173978;48485;35506;9934;281810;126016;346388;139250;189766;363529;180052;104599;207176
775327;675225;228951;25452;82065;21763;26125;24662;62371;154527;163872;125506;173978;48485;35506;9934;281810;126016;346388;139250;189766;363529;180052;104599;207176
774598;675274;228657;25392;81760;21709;26090;24731;62084;153878;163553;126164;173641;48397;35504;9944;281914;125993;345841;138861;189349;363214;179473;104557;206390
774598;675274;228657;25392;81760;21709;26090;24731;62084;153878;163553;126164;173641;48397;35504;9944;281914;125993;345841;138861;189349;363214;179473;104557;206390
774598;675274;228657;25392;81760;21709;26090;24731;62084;153878;163553;126164;173641;48397;35504;9944;281914;125993;345841;138861;189349;363214;179473;104557;206390
774273;675681;228780;25358;81092;21593;25902;24769;61681;153307;163506;126988;173680;48520;35492;9943;281270;125400;344819;138595;189883;363380;178779;104600;207210
774273;675681;228780;25358;81092;21593;25902;24769;61681;153307;163506;126988;173680;48520;35492;9943;281270;125400;344819;138595;189883;363380;178779;104600;207210
772838;675585;228383;25374;80609;21505;25727;24649;61181;152660;162914;128146;173277;48548;35487;9898;280994;125371;343729;138131;188603;362339;177881;104383;206640
772838;675585;228383;25374;80609;21505;25727;24649;61181;152660;162914;128146;173277;48548;35487;9898;280994;125371;343729;138131;188603;362339;177881;104383;206640
771978;675696;227972;25357;80186;21412;25620;24712;60855;152013;162860;128695;172873;48630;35333;9866;280945;125378;342717;137932;189147;362969;177658;104238;206644
771978;675696;227972;25357;80186;21412;25620;24712;60855;152013;162860;128695;172873;48630;35333;9866;280945;125378;342717;137932;189147;362969;177658;104238;206644
771978;675696;227972;25357;80186;21412;25620;24712;60855;152013;162860;128695;172873;48630;35333;9866;280945;125378;342717;137932;189147;362969;177658;104238;206644
771978;675696;227972;25357;80186;21412;25620;24712;60855;152013;162860;128695;172873;48630;35333;9866;280945;125378;342717;137932;189147;362969;177658;104238;206644
771978;675696;227972;25357;80186;21412;25620;24712;60855;152013;162860;128695;172873;48630;35333;9866;280945;125378;342717;137932;189147;362969;177658;104238;206644
771795;676256;227615;25423;79667;21282;25500;24822;60062;151117;162645;129713;172792;48704;35481;9884;280665;124689;341556;137182;187855;362560;176863;104287;205488
771795;676256;227615;25423;79667;21282;25500;24822;60062;151117;162645;129713;172792;48704;35481;9884;280665;124689;341556;137182;187855;362560;176863;104287;205488
771795;676256;227615;25423;79667;21282;25500;24822;60062;151117;162645;129713;172792;48704;35481;9884;280665;124689;341556;137182;187855;362560;176863;104287;205488
771023;675990;227122;25403;79220;21175;25390;24752;59881;150418;162254;130161;172322;48672;35495;9868;280470;124758;340548;136638;187475;361994;176430;104031;204894
771023;675990;227122;25403;79220;21175;25390;24752;59881;150418;162254;130161;172322;48672;35495;9868;280470;124758;340548;136638;187475;361994;176430;104031;204894
771023;675990;227122;25403;79220;21175;25390;24752;59881;150418;162254;130161;172322;48672;35495;9868;280470;124758;340548;136638;187475;361994;176430;104031;204894
771023;675990;227122;25403;79220;21175;25390;24752;59881;150418;162254;130161;172322;48672;35495;9868;280470;124758;340548;136638;187475;361994;176430;104031;204894
770258;675575;227122;25447;79042;21119;25410;24671;59402;150079;162246;130348;172561;48717;35505;9872;280372;123968;340290;136477;187664;361595;176270;104032;204494
770258;675575;227122;25447;79042;21119;25410;24671;59402;150079;162246;130348;172561;48717;35505;9872;280372;123968;340290;136477;187664;361595;176270;104032;204494
770258;675575;227122;25447;79042;21119;25410;24671;59402;150079;162246;130348;172561;48717;35505;9872;280372;123968;340290;136477;187664;361595;176270;104032;204494
770095;676589;226781;25445;78891;21051;25319;24773;59176;149722;162022;130682;172236;48765;35553;9744;280188;123694;339954;136380;187284;360819;175851;103957;204111
770095;676589;226781;25445;78891;21051;25319;24773;59176;149722;162022;130682;172236;48765;35553;9744;280188;123694;339954;136380;187284;360819;175851;103957;204111
769774;676295;226509;25428;78547;20997;25179;24770;59083;148786;162070;131105;171952;48682;35498;9861;279853;123576;339025;136134;187255;361547;175509;104140;203780
769774;676295;226509;25428;78547;20997;25179;24770;59083;148786;162070;131105;171952;48682;35498;9861;279853;123576;339025;136134;187255;361547;175509;104140;203780
769774;676295;226509;25428;78547;20997;25179;24770;59083;148786;162070;131105;171952;48682;35498;9861;279853;123576;339025;136134;187255;361547;175509;104140;203780
769530;676059;226135;25347;78408;20946;25132;24778;58899;148708;161862;131368;172048;48706;35438;9833;279691;123794;338432;135851;186571;360492;175103;103960;203272
769530;676059;226135;25347;78408;20946;25132;24778;58899;148708;161862;131368;172048;48706;35438;9833;279691;123794;338432;135851;186571;360492;175103;103960;203272
769530;676059;226135;25347;78408;20946;25132;24778;58899;148708;161862;131368;172048;48706;35438;9833;279691;123794;338432;135851;186571;360492;175103;103960;203272
769530;676059;226135;25347;78408;20946;25132;24778;58899;148708;161862;131368;172048;48706;35438;9833;279691;123794;338432;135851;186571;360492;175103;103960;203272
769530;676059;226135;25347;78408;20946;25132;24778;58899;148708;161862;131368;172048;48706;35438;9833;279691;123794;338432;135851;186571;360492;175103;103960;203272
769681;686881;225833;25354;78296;20895;25070;24781;58724;148488;162092;131481;161317;48833;35500;9853;279419;123025;337985;135527;186137;361353;174730;103933;203282
769681;686881;225833;25354;78296;20895;25070;24781;58724;148488;162092;131481;161317;48833;35500;9853;279419;123025;337985;135527;186137;361353;174730;103933;203282
769681;686881;225833;25354;78296;20895;25070;24781;58724;148488;162092;131481;161317;48833;35500;9853;279419;123025;337985;135527;186137;361353;174730;103933;203282
769681;686881;225833;25354;78296;20895;25070;24781;58724;148488;162092;131481;161317;48833;35500;9853;279419;123025;337985;135527;186137;361353;174730;103933;203282
769681;686881;225833;25354;78296;20895;25070;24781;58724;148488;162092;131481;161317;48833;35500;9853;279419;123025;337985;135527;186137;361353;174730;103933;203282
769681;686881;225833;25354;78296;20895;25070;24781;58724;148488;162092;131481;161317;48833;35500;9853;279419;123025;337985;135527;186137;361353;174730;103933;203282
769624;687188;225669;25338;77996;20855;25056;24799;58620;148217;162013;131571;161586;48823;35398;9846;279489;123000;337534;135242;186545;359778;165166;103885;203254
769624;687188;225669;25338;77996;20855;25056;24799;58620;148217;162013;131571;161586;48823;35398;9846;279489;123000;337534;135242;186545;359778;165166;103885;203254
769624;687188;225669;25338;77996;20855;25056;24799;58620;148217;162013;131571;161586;48823;35398;9846;279489;123000;337534;135242;186545;359778;165166;103885;203254
769624;687188;225669;25338;77996;20855;25056;24799;58620;148217;162013;131571;161586;48823;35398;9846;279489;123000;337534;135242;186545;359778;165166;103885;203254
769624;687188;225669;25338;77996;20855;25056;24799;58620;148217;162013;131571;161586;48823;35398;9846;279489;123000;337534;135242;186545;359778;165166;103885;203254
769849;687152;225352;25310;77706;20793;24905;24839;58462;147769;161779;131871;161151;48762;35423;9819;279192;122892;336948;134847;186270;360363;173852;103749;202927
769849;687152;225352;25310;77706;20793;24905;24839;58462;147769;161779;131871;161151;48762;35423;9819;279192;122892;336948;134847;186270;360363;173852;103749;202927
769171;686865;224726;25264;77545;20802;24782;24812;58259;147077;161624;131881;161224;48779;35358;9813;278910;123151;336264;134444;185617;359688;173599;102450;202253
769171;686865;224726;25264;77545;20802;24782;24812;58259;147077;161624;131881;161224;48779;35358;9813;278910;123151;336264;134444;185617;359688;173599;102450;202253
769171;686865;224726;25264;77545;20802;24782;24812;58259;147077;161624;131881;161224;48779;35358;9813;278910;123151;336264;134444;185617;359688;173599;102450;202253
768126;686459;224458;25290;77278;20713;24745;24814;58104;146744;161531;132051;161211;48787;35204;9799;278676;122356;335992;134311;185138;359273;173216;103399;201738
766356;685327;223924;25215;77026;20615;24714;24730;57846;145855;160981;131757;160992;48696;35081;9753;277786;121676;334741;133770;185300;357850;172425;103066;201160
766356;685327;223924;25215;77026;20615;24714;24730;57846;145855;160981;131757;160992;48696;35081;9753;277786;121676;334741;133770;185300;357850;172425;103066;201160
766356;685327;223924;25215;77026;20615;24714;24730;57846;145855;160981;131757;160992;48696;35081;9753;277786;121676;334741;133770;185300;357850;172425;103066;201160
766356;685327;223924;25215;77026;20615;24714;24730;57846;145855;160981;131757;160992;48696;35081;9753;277786;121676;334741;133770;185300;357850;172425;103066;201160
766356;685327;223924;25215;77026;20615;24714;24730;57846;145855;160981;131757;160992;48696;35081;9753;277786;121676;334741;133770;185300;357850;172425;103066;201160
766356;685327;223924;25215;77026;20615;24714;24730;57846;145855;160981;131757;160992;48696;35081;9753;277786;121676;334741;133770;185300;357850;172425;103066;201160
764881;683794;223147;25124;76657;20486;24613;24703;57596;145360;160502;130865;160748;48484;34974;9705;276941;121519;333761;133116;183669;356284;171750;102826;200848
764881;683794;223147;25124;76657;20486;24613;24703;57596;145360;160502;130865;160748;48484;34974;9705;276941;121519;333761;133116;183669;356284;171750;102826;200848
764881;683794;223147;25124;76657;20486;24613;24703;57596;145360;160502;130865;160748;48484;34974;9705;276941;121519;333761;133116;183669;356284;171750;102826;200848
764881;683794;223147;25124;76657;20486;24613;24703;57596;145360;160502;130865;160748;48484;34974;9705;276941;121519;333761;133116;183669;356284;171750;102826;200848
764881;683794;223147;25124;76657;20486;24613;24703;57596;145360;160502;130865;160748;48484;34974;9705;276941;121519;333761;133116;183669;356284;171750;102826;200848
764881;683794;223147;25124;76657;20486;24613;24703;57596;145360;160502;130865;160748;48484;34974;9705;276941;121519;333761;133116;183669;356284;171750;102826;200848
764881;683794;223147;25124;76657;20486;24613;24703;57596;145360;160502;130865;160748;48484;34974;9705;276941;121519;333761;133116;183669;356284;171750;102826;200848
765782;683613;222632;25062;76414;20424;24549;24742;57509;144581;160373;131102;160622;48458;34863;9664;276648;121458;333163;133003;183795;355665;171408;102682;200572
765782;683613;222632;25062;76414;20424;24549;24742;57509;144581;160373;131102;160622;48458;34863;9664;276648;121458;333163;133003;183795;355665;171408;102682;200572
766124;681804;221764;24918;75711;20259;24390;24710;57011;143734;159464;131866;160544;48386;34700;9652;275308;120206;331575;131945;181770;354084;169226;102755;200704
766124;681804;221764;24918;75711;20259;24390;24710;57011;143734;159464;131866;160544;48386;34700;9652;275308;120206;331575;131945;181770;354084;169226;102755;200704
746886;659793;212809;23772;72624;19375;23387;23869;54857;137944;154506;129834;155472;47132;33574;9220;265540;115989;320644;127175;175779;342729;162688;98862;191926
746886;659793;212809;23772;72624;19375;23387;23869;54857;137944;154506;129834;155472;47132;33574;9220;265540;115989;320644;127175;175779;342729;162688;98862;191926
746575;659587;212245;23752;72009;19264;23220;23810;54589;137412;154159;130220;155470;47119;33429;9235;264537;115228;319674;126771;174953;342326;161914;99387;194128
746575;659587;212245;23752;72009;19264;23220;23810;54589;137412;154159;130220;155470;47119;33429;9235;264537;115228;319674;126771;174953;342326;161914;99387;194128
746575;659587;212245;23752;72009;19264;23220;23810;54589;137412;154159;130220;155470;47119;33429;9235;264537;115228;319674;126771;174953;342326;161914;99387;194128
746575;659587;212245;23752;72009;19264;23220;23810;54589;137412;154159;130220;155470;47119;33429;9235;264537;115228;319674;126771;174953;342326;161914;99387;194128
745447;657489;210997;23684;71373;19153;22951;23710;54431;136423;152871;130751;154952;46860;33318;9169;263579;115175;317787;125346;173346;340077;160954;99209;193882
745447;657489;210997;23684;71373;19153;22951;23710;54431;136423;152871;130751;154952;46860;33318;9169;263579;115175;317787;125346;173346;340077;160954;99209;193882
745447;657489;210997;23684;71373;19153;22951;23710;54431;136423;152871;130751;154952;46860;33318;9169;263579;115175;317787;125346;173346;340077;160954;99209;193882
745447;657489;210997;23684;71373;19153;22951;23710;54431;136423;152871;130751;154952;46860;33318;9169;263579;115175;317787;125346;173346;340077;160954;99209;193882
745447;657489;210997;23684;71373;19153;22951;23710;54431;136423;152871;130751;154952;46860;33318;9169;263579;115175;317787;125346;173346;340077;160954;99209;193882
745447;657489;210997;23684;71373;19153;22951;23710;54431;136423;152871;130751;154952;46860;33318;9169;263579;115175;317787;125346;173346;340077;160954;99209;193882
746160;655498;210561;23704;71014;19040;22822;23784;54278;136123;152902;131359;154951;46880;33338;9147;262933;114386;317326;125144;172694;339212;160166;99338;194058
746160;655498;210561;23704;71014;19040;22822;23784;54278;136123;152902;131359;154951;46880;33338;9147;262933;114386;317326;125144;172694;339212;160166;99338;194058
745771;652918;209197;23617;70553;18912;22610;23659;53853;134757;152059;131744;154149;46675;33089;9142;261347;113631;315202;123901;172031;337988;158830;99268;193832
744671;650788;208048;23565;69787;18739;22400;23627;53494;133608;151322;131927;153550;46527;32920;9078;260212;112981;313186;123201;170538;336435;157892;99231;193794
744671;650788;208048;23565;69787;18739;22400;23627;53494;133608;151322;131927;153550;46527;32920;9078;260212;112981;313186;123201;170538;336435;157892;99231;193794
744671;650788;208048;23565;69787;18739;22400;23627;53494;133608;151322;131927;153550;46527;32920;9078;260212;112981;313186;123201;170538;336435;157892;99231;193794
742680;649358;206752;23391;69049;18608;22281;23595;53184;132482;150601;133018;152793;46416;32711;9007;258963;112775;310433;121740;169695;335243;156473;99116;193677
742680;649358;206752;23391;69049;18608;22281;23595;53184;132482;150601;133018;152793;46416;32711;9007;258963;112775;310433;121740;169695;335243;156473;99116;193677
741372;647331;205567;23347;68452;18537;22145;23505;52802;131097;150040;133789;152033;46364;32581;8984;257856;112121;307674;120844;168762;333536;155431;99196;193711
741372;647331;205567;23347;68452;18537;22145;23505;52802;131097;150040;133789;152033;46364;32581;8984;257856;112121;307674;120844;168762;333536;155431;99196;193711
741372;647331;205567;23347;68452;18537;22145;23505;52802;131097;150040;133789;152033;46364;32581;8984;257856;112121;307674;120844;168762;333536;155431;99196;193711
737840;644046;203684;23240;67798;18286;21952;23467;52075;129896;148824;135138;150531;46164;32369;8946;255641;112073;303531;119257;167663;331497;154202;98972;193138
737840;644046;203684;23240;67798;18286;21952;23467;52075;129896;148824;135138;150531;46164;32369;8946;255641;112073;303531;119257;167663;331497;154202;98972;193138
737840;644046;203684;23240;67798;18286;21952;23467;52075;129896;148824;135138;150531;46164;32369;8946;255641;112073;303531;119257;167663;331497;154202;98972;193138
737840;644046;203684;23240;67798;18286;21952;23467;52075;129896;148824;135138;150531;46164;32369;8946;255641;112073;303531;119257;167663;331497;154202;98972;193138
736765;642679;202665;23224;67225;18340;21841;23442;51694;129166;148846;135213;150311;45879;32408;8936;255238;111107;302658;118739;166193;330066;153117;98991;192721
736765;642679;202665;23224;67225;18340;21841;23442;51694;129166;148846;135213;150311;45879;32408;8936;255238;111107;302658;118739;166193;330066;153117;98991;192721
735351;642283;202419;23132;67011;18287;21825;23399;51538;128811;148498;135586;149944;45927;32347;8912;254703;110670;301489;118413;165867;329328;152772;98866;192460
735351;642283;202419;23132;67011;18287;21825;23399;51538;128811;148498;135586;149944;45927;32347;8912;254703;110670;301489;118413;165867;329328;152772;98866;192460
735351;642283;202419;23132;67011;18287;21825;23399;51538;128811;148498;135586;149944;45927;32347;8912;254703;110670;301489;118413;165867;329328;152772;98866;192460
735351;642283;202419;23132;67011;18287;21825;23399;51538;128811;148498;135586;149944;45927;32347;8912;254703;110670;301489;118413;165867;329328;152772;98866;192460
732628;640123;200663;23160;66310;18130;21510;23269;50737;127484;147668;136214;149033;45667;32132;8882;252756;110659;298950;117417;164266;328959;151529;98258;191638
730533;638215;200292;22991;65820;18047;21415;23276;50283;127017;147469;136163;148478;45515;32095;8877;251869;109498;297798;117087;163804;327215;150628;98219;191608
729583;637314;199853;22998;65697;18006;21327;23316;50031;126667;146983;136313;148047;45444;32205;8838;251308;109141;296617;116736;164478;326681;150395;98229;191228
729583;637314;199853;22998;65697;18006;21327;23316;50031;126667;146983;136313;148047;45444;32205;8838;251308;109141;296617;116736;164478;326681;150395;98229;191228
729583;637314;199853;22998;65697;18006;21327;23316;50031;126667;146983;136313;148047;45444;32205;8838;251308;109141;296617;116736;164478;326681;150395;98229;191228
727436;635626;198843;22901;65380;17904;21139;23128;49769;125879;146444;136463;147273;45288;32006;8840;249987;108890;295010;116295;162454;325892;149596;98264;190778
727436;635626;198843;22901;65380;17904;21139;23128;49769;125879;146444;136463;147273;45288;32006;8840;249987;108890;295010;116295;162454;325892;149596;98264;190778
727436;635626;198843;22901;65380;17904;21139;23128;49769;125879;146444;136463;147273;45288;32006;8840;249987;108890;295010;116295;162454;325892;149596;98264;190778
727436;635626;198843;22901;65380;17904;21139;23128;49769;125879;146444;136463;147273;45288;32006;8840;249987;108890;295010;116295;162454;325892;149596;98264;190778
726118;634409;197945;22843;64867;17821;21035;23145;49426;125209;146069;136703;146668;45236;31901;8798;249229;109367;293956;115808;161655;325530;149477;97955;190280
726118;634409;197945;22843;64867;17821;21035;23145;49426;125209;146069;136703;146668;45236;31901;8798;249229;109367;293956;115808;161655;325530;149477;97955;190280
726118;634409;197945;22843;64867;17821;21035;23145;49426;125209;146069;136703;146668;45236;31901;8798;249229;109367;293956;115808;161655;325530;149477;97955;190280
726118;634409;197945;22843;64867;17821;21035;23145;49426;125209;146069;136703;146668;45236;31901;8798;249229;109367;293956;115808;161655;325530;149477;97955;190280
724492;633479;197394;22791;64488;17738;20934;23317;49172;124785;146000;136793;146242;45061;31737;8833;248424;108246;292916;115269;161337;324493;148606;98028;190049
724492;633479;197394;22791;64488;17738;20934;23317;49172;124785;146000;136793;146242;45061;31737;8833;248424;108246;292916;115269;161337;324493;148606;98028;190049
724492;633479;197394;22791;64488;17738;20934;23317;49172;124785;146000;136793;146242;45061;31737;8833;248424;108246;292916;115269;161337;324493;148606;98028;190049
722484;632438;196877;22758;64357;17670;20823;23281;48914;124421;145764;137026;145854;45015;31804;8816;247936;107927;291895;115000;161205;324161;148173;97953;189533
722484;632438;196877;22758;64357;17670;20823;23281;48914;124421;145764;137026;145854;45015;31804;8816;247936;107927;291895;115000;161205;324161;148173;97953;189533
720476;630156;195756;22698;63881;17565;20765;23146;48493;123732;145145;137019;144877;44884;31612;8788;246612;107797;290281;114281;160509;322994;147005;97853;189030
720476;630156;195756;22698;63881;17565;20765;23146;48493;123732;145145;137019;144877;44884;31612;8788;246612;107797;290281;114281;160509;322994;147005;97853;189030
719682;628122;194852;22559;63548;17483;20534;23082;48165;123390;144732;137256;144725;44757;31585;8719;245740;108186;288959;113863;160080;322094;146602;97540;188580
719682;628122;194852;22559;63548;17483;20534;23082;48165;123390;144732;137256;144725;44757;31585;8719;245740;108186;288959;113863;160080;322094;146602;97540;188580
719682;628122;194852;22559;63548;17483;20534;23082;48165;123390;144732;137256;144725;44757;31585;8719;245740;108186;288959;113863;160080;322094;146602;97540;188580
717854;626559;194171;22551;63266;17407;20397;23051;47866;122733;144353;137307;143737;44585;31512;8703;245087;106878;287838;113476;159257;321376;145908;97637;188122
717854;626559;194171;22551;63266;17407;20397;23051;47866;122733;144353;137307;143737;44585;31512;8703;245087;106878;287838;113476;159257;321376;145908;97637;188122
713637;621719;191667;22256;62116;17081;20060;22871;47065;120964;142936;138057;141682;44239;31176;8601;241790;106455;283702;111640;157332;318510;142914;97324;186825
713637;621719;191667;22256;62116;17081;20060;22871;47065;120964;142936;138057;141682;44239;31176;8601;241790;106455;283702;111640;157332;318510;142914;97324;186825
711634;620471;191068;22218;61825;17069;19973;22942;46888;120335;142766;138023;141283;44130;31159;8567;241486;104873;282644;111122;157108;317314;142117;97593;186578
711634;620471;191068;22218;61825;17069;19973;22942;46888;120335;142766;138023;141283;44130;31159;8567;241486;104873;282644;111122;157108;317314;142117;97593;186578
708674;616186;189817;22049;61145;16863;19669;22855;46330;119411;141967;138488;139872;43928;30873;8534;239362;104450;280529;110173;155992;316131;141178;97509;186031
708674;616186;189817;22049;61145;16863;19669;22855;46330;119411;141967;138488;139872;43928;30873;8534;239362;104450;280529;110173;155992;316131;141178;97509;186031
706319;613123;188034;21875;60662;16611;19471;22836;45782;118473;141168;138859;138643;43704;30766;8403;237831;103549;278259;109302;154697;313940;139889;97878;185266
703453;609921;186853;21801;60191;16417;19246;22792;45447;117543;140444;139188;137971;43514;30578;8398;236282;102925;276126;108319;153826;315081;138769;97585;184503
703453;609921;186853;21801;60191;16417;19246;22792;45447;117543;140444;139188;137971;43514;30578;8398;236282;102925;276126;108319;153826;315081;138769;97585;184503
701539;609128;185920;21801;59882;16395;19103;22741;45252;117231;139820;139506;137622;43399;30461;8388;235352;103690;274638;107973;153235;313516;138660;97381;184011
701057;606986;185370;21812;59476;16302;18849;22755;45078;116616;139600;139544;136944;43271;30472;8377;234873;101976;273839;107750;152059;312881;137412;97373;183770
701057;606986;185370;21812;59476;16302;18849;22755;45078;116616;139600;139544;136944;43271;30472;8377;234873;101976;273839;107750;152059;312881;137412;97373;183770
701057;606986;185370;21812;59476;16302;18849;22755;45078;116616;139600;139544;136944;43271;30472;8377;234873;101976;273839;107750;152059;312881;137412;97373;183770
701057;606986;185370;21812;59476;16302;18849;22755;45078;116616;139600;139544;136944;43271;30472;8377;234873;101976;273839;107750;152059;312881;137412;97373;183770
696620;603287;183204;21609;58529;16120;18460;22707;44585;115627;138368;140273;135408;42981;29992;8233;232798;102365;270057;107070;150426;311591;136131;97245;182994
696620;603287;183204;21609;58529;16120;18460;22707;44585;115627;138368;140273;135408;42981;29992;8233;232798;102365;270057;107070;150426;311591;136131;97245;182994
692488;598594;181604;21478;57743;15937;18124;22761;43673;114660;137406;140575;133593;42754;30032;8149;230404;100584;266613;105981;149567;309239;134243;97577;182101
692488;598594;181604;21478;57743;15937;18124;22761;43673;114660;137406;140575;133593;42754;30032;8149;230404;100584;266613;105981;149567;309239;134243;97577;182101
690826;597718;180713;21403;57368;15893;18005;22763;43629;114143;137142;141062;133384;42676;30139;8083;229702;100716;265477;105867;148427;309212;133900;97374;181617
690826;597718;180713;21403;57368;15893;18005;22763;43629;114143;137142;141062;133384;42676;30139;8083;229702;100716;265477;105867;148427;309212;133900;97374;181617
690826;597718;180713;21403;57368;15893;18005;22763;43629;114143;137142;141062;133384;42676;30139;8083;229702;100716;265477;105867;148427;309212;133900;97374;181617
690826;597718;180713;21403;57368;15893;18005;22763;43629;114143;137142;141062;133384;42676;30139;8083;229702;100716;265477;105867;148427;309212;133900;97374;181617
689014;637529;180253;21395;57071;15828;17935;22767;43461;113925;136944;140886;133023;42518;30065;8072;229331;99172;264576;105555;148193;307792;133128;97175;181554
689014;637529;180253;21395;57071;15828;17935;22767;43461;113925;136944;140886;133023;42518;30065;8072;229331;99172;264576;105555;148193;307792;133128;97175;181554
689014;637529;180253;21395;57071;15828;17935;22767;43461;113925;136944;140886;133023;42518;30065;8072;229331;99172;264576;105555;148193;307792;133128;97175;181554
689014;637529;180253;21395;57071;15828;17935;22767;43461;113925;136944;140886;133023;42518;30065;8072;229331;99172;264576;105555;148193;307792;133128;97175;181554
687667;636686;179896;21338;57010;15753;17876;22725;43275;113701;136520;141098;132478;42525;29941;8085;228869;99160;263771;105443;147208;307227;132345;97214;181150
685685;633689;178836;21272;56593;15716;17739;22656;43035;114070;136118;141253;131987;42489;29868;8053;228092;98912;262100;104883;146548;306632;132016;96838;180570
685685;633689;178836;21272;56593;15716;17739;22656;43035;114070;136118;141253;131987;42489;29868;8053;228092;98912;262100;104883;146548;306632;132016;96838;180570
685685;633689;178836;21272;56593;15716;17739;22656;43035;114070;136118;141253;131987;42489;29868;8053;228092;98912;262100;104883;146548;306632;132016;96838;180570
685685;633689;178836;21272;56593;15716;17739;22656;43035;114070;136118;141253;131987;42489;29868;8053;228092;98912;262100;104883;146548;306632;132016;96838;180570
685685;633689;178836;21272;56593;15716;17739;22656;43035;114070;136118;141253;131987;42489;29868;8053;228092;98912;262100;104883;146548;306632;132016;96838;180570
682548;628292;178016;21253;56326;15715;17660;22625;42781;112989;135826;141501;131564;42450;29754;7999;227806;99740;260724;104545;146476;306274;131905;96896;180085
682548;628292;178016;21253;56326;15715;17660;22625;42781;112989;135826;141501;131564;42450;29754;7999;227806;99740;260724;104545;146476;306274;131905;96896;180085
682548;628292;178016;21253;56326;15715;17660;22625;42781;112989;135826;141501;131564;42450;29754;7999;227806;99740;260724;104545;146476;306274;131905;96896;180085
682548;628292;178016;21253;56326;15715;17660;22625;42781;112989;135826;141501;131564;42450;29754;7999;227806;99740;260724;104545;146476;306274;131905;96896;180085
681760;631289;177640;21181;56154;15685;17582;22661;42559;112761;135550;141459;131161;42466;29689;8009;227220;98407;259550;104354;145699;305774;131116;97336;179762
681760;631289;177640;21181;56154;15685;17582;22661;42559;112761;135550;141459;131161;42466;29689;8009;227220;98407;259550;104354;145699;305774;131116;97336;179762
681760;631289;177640;21181;56154;15685;17582;22661;42559;112761;135550;141459;131161;42466;29689;8009;227220;98407;259550;104354;145699;305774;131116;97336;179762
681760;631289;177640;21181;56154;15685;17582;22661;42559;112761;135550;141459;131161;42466;29689;8009;227220;98407;259550;104354;145699;305774;131116;97336;179762
680373;630654;177481;21190;55975;15667;17542;22663;42356;112698;135276;141751;130730;42417;29794;7883;226633;97987;258801;104216;146121;305989;131011;96961;179257
680373;630654;177481;21190;55975;15667;17542;22663;42356;112698;135276;141751;130730;42417;29794;7883;226633;97987;258801;104216;146121;305989;131011;96961;179257
680373;630654;177481;21190;55975;15667;17542;22663;42356;112698;135276;141751;130730;42417;29794;7883;226633;97987;258801;104216;146121;305989;131011;96961;179257
680373;630654;177481;21190;55975;15667;17542;22663;42356;112698;135276;141751;130730;42417;29794;7883;226633;97987;258801;104216;146121;305989;131011;96961;179257
680373;630654;177481;21190;55975;15667;17542;22663;42356;112698;135276;141751;130730;42417;29794;7883;226633;97987;258801;104216;146121;305989;131011;96961;179257
680373;630654;177481;21190;55975;15667;17542;22663;42356;112698;135276;141751;130730;42417;29794;7883;226633;97987;258801;104216;146121;305989;131011;96961;179257
677906;628190;176502;21115;55686;15626;17373;22562;42016;112128;134977;142028;129787;42408;29695;7841;225424;97536;257610;103750;145030;304583;130524;96929;178570
677906;628190;176502;21115;55686;15626;17373;22562;42016;112128;134977;142028;129787;42408;29695;7841;225424;97536;257610;103750;145030;304583;130524;96929;178570
675949;624536;175681;20931;55218;15493;17255;22529;41832;111801;134540;142294;129425;42410;29616;7863;225644;98083;256582;103305;144180;304055;130318;96766;179387
675949;624536;175681;20931;55218;15493;17255;22529;41832;111801;134540;142294;129425;42410;29616;7863;225644;98083;256582;103305;144180;304055;130318;96766;179387
675949;624536;175681;20931;55218;15493;17255;22529;41832;111801;134540;142294;129425;42410;29616;7863;225644;98083;256582;103305;144180;304055;130318;96766;179387
675949;624536;175681;20931;55218;15493;17255;22529;41832;111801;134540;142294;129425;42410;29616;7863;225644;98083;256582;103305;144180;304055;130318;96766;179387
672863;625816;175289;20998;55231;15454;17092;22393;41526;111576;134640;141893;128638;42282;29442;7881;224299;96831;255186;103041;143065;302221;129383;96710;178716
672863;625816;175289;20998;55231;15454;17092;22393;41526;111576;134640;141893;128638;42282;29442;7881;224299;96831;255186;103041;143065;302221;129383;96710;178716
672863;625816;175289;20998;55231;15454;17092;22393;41526;111576;134640;141893;128638;42282;29442;7881;224299;96831;255186;103041;143065;302221;129383;96710;178716
671687;625416;174237;20939;55228;15426;17061;22328;41471;111286;133976;142839;128291;42349;29439;7890;223615;96864;253987;102908;142708;302040;129077;96635;178464
671687;625416;174237;20939;55228;15426;17061;22328;41471;111286;133976;142839;128291;42349;29439;7890;223615;96864;253987;102908;142708;302040;129077;96635;178464
669670;624327;174436;20885;54939;15391;16929;22805;41108;111096;133789;142424;127649;42241;29262;7822;223347;96311;253012;102555;141890;301197;128679;96707;178003
669670;624327;174436;20885;54939;15391;16929;22805;41108;111096;133789;142424;127649;42241;29262;7822;223347;96311;253012;102555;141890;301197;128679;96707;178003
669670;624327;174436;20885;54939;15391;16929;22805;41108;111096;133789;142424;127649;42241;29262;7822;223347;96311;253012;102555;141890;301197;128679;96707;178003
669117;623756;173774;20793;54701;15294;16828;22292;40882;110801;133517;142324;127110;42222;29186;7776;223098;97207;251626;102105;141883;300950;128758;96543;177619
669117;623756;173774;20793;54701;15294;16828;22292;40882;110801;133517;142324;127110;42222;29186;7776;223098;97207;251626;102105;141883;300950;128758;96543;177619
669117;623756;173774;20793;54701;15294;16828;22292;40882;110801;133517;142324;127110;42222;29186;7776;223098;97207;251626;102105;141883;300950;128758;96543;177619
666964;621388;173339;20723;54532;15191;16742;22295;40621;110331;133292;142595;126347;42081;29287;7809;222359;95461;251393;101778;141126;300091;128238;96529;177311
666964;621388;173339;20723;54532;15191;16742;22295;40621;110331;133292;142595;126347;42081;29287;7809;222359;95416;251393;101778;141126;300091;128238;96529;177311
666964;621388;173339;20723;54532;15191;16742;22295;40621;110331;133292;142595;126347;42081;29287;7809;222359;95461;251393;101778;141126;300091;128238;96529;177311
663275;619572;172759;20603;54159;15086;16484;22252;40307;109197;133117;143471;125018;41875;29360;7795;221127;94804;249479;101365;140422;298591;126744;96587;176543
663275;619572;172759;20603;54159;15086;16484;22252;40307;109197;133117;143471;125018;41875;29360;7795;221127;94804;249479;101365;140422;298591;126744;96587;176543
663275;619572;172759;20603;54159;15086;16484;22252;40307;109197;133117;143471;125018;41875;29360;7795;221127;94804;249479;101365;140422;298591;126744;96587;176543
663275;619572;172759;20603;54159;15086;16484;22252;40307;109197;133117;143471;125018;41875;29360;7795;221127;94804;249479;101365;140422;298591;126744;96587;176543
663275;619572;172759;20603;54159;15086;16484;22252;40307;109197;133117;143471;125018;41875;29360;7795;221127;94804;249479;101365;140422;298591;126744;96587;176543
661778;618992;172117;20576;53969;15038;16273;22227;40093;114532;132682;143504;124644;41793;29220;7788;220715;94798;248422;101090;139610;298542;126240;96639;175956
661316;618415;171913;20487;53836;14997;16194;22214;39846;109356;132585;143573;124094;41790;29379;7789;220167;93801;247490;100875;139453;298122;125780;96852;175781
661316;618415;171913;20487;53836;14997;16194;22214;39846;109356;132585;143573;124094;41790;29379;7789;220167;93801;247490;100875;139453;298122;125780;96852;175781
661316;618415;171913;20487;53836;14997;16194;22214;39846;109356;132585;143573;124094;41790;29379;7789;220167;93801;247490;100875;139453;298122;125780;96852;175781
661316;618415;171913;20487;53836;14997;16194;22214;39846;109356;132585;143573;124094;41790;29379;7789;220167;93801;247490;100875;139453;298122;125780;96852;175781
660271;618141;171853;20539;53639;14935;16144;22205;39650;109135;132420;143852;123738;41835;29220;7766;220036;93820;247084;100891;139110;298375;125617;96712;175510
655814;612178;169459;20198;52842;14874;15606;22033;38926;107705;130894;145288;121500;41620;29037;7723;216872;92624;243028;99781;137394;294459;124030;96497;174725
655814;612178;169459;20198;52842;14874;15606;22033;38926;107705;130894;145288;121500;41620;29037;7723;216872;92624;243028;99781;137394;294459;124030;96497;174725
655814;612178;169459;20198;52842;14874;15606;22033;38926;107705;130894;145288;121500;41620;29037;7723;216872;92624;243028;99781;137394;294459;124030;96497;174725
655814;612178;169459;20198;52842;14874;15606;22033;38926;107705;130894;145288;121500;41620;29037;7723;216872;92624;243028;99781;137394;294459;124030;96497;174725
655814;612178;169459;20198;52842;14874;15606;22033;38926;107705;130894;145288;121500;41620;29037;7723;216872;92624;243028;99781;137394;294459;124030;96497;174725
652902;608183;168762;20110;52327;14601;15398;21946;38493;106847;130080;146465;119867;41437;28929;7663;215431;91587;240251;99027;136156;292579;123093;96389;174233
651157;606763;168086;20079;51993;14682;15295;21861;38285;106429;129734;146412;119256;41461;28786;7624;214566;92015;239437;98611;134997;292414;122681;96256;174007
651157;606763;168086;20079;51993;14682;15295;21861;38285;106429;129734;146412;119256;41461;28786;7624;214566;92015;239437;98611;134997;292414;122681;96256;174007
651396;606826;167615;19995;51801;14517;15240;21971;38090;106042;129449;147213;118825;41259;28909;7649;214113;91340;238846;98610;135584;291309;121759;96563;173970
651396;606826;167615;19995;51801;14517;15240;21971;38090;106042;129449;147213;118825;41259;28909;7649;214113;91340;238864;98610;135584;291309;121759;96563;173970
651396;606826;167615;19995;51801;14517;15240;21971;38090;106042;129449;147213;118825;41259;28909;7649;214113;91340;238846;98610;135584;291309;121759;96563;173970
649616;605626;167257;19971;51686;14540;15020;22003;37889;105605;128897;147633;117936;41389;28828;7451;213846;90827;237046;98136;136136;291238;121946;96573;173842
647485;601496;166589;19855;51406;14389;15017;21992;37631;105196;128341;147995;116889;41236;28797;7584;213040;90506;235568;97744;135035;289091;120926;96478;173813
647485;601496;166589;19855;51406;14389;15017;21992;37631;105196;128341;147995;116889;41236;28797;7584;213040;90506;235568;97744;135035;289091;120926;96478;173813
646745;601619;165901;19753;51311;14448;14818;21932;37407;104940;128346;149996;115966;41097;28811;7590;212460;89906;234712;97409;134522;289919;121199;96086;173866
646745;601619;165901;19753;51311;14448;14818;21932;37407;104940;128346;149996;115966;41097;28811;7590;212460;89906;234712;97409;134522;289919;121199;96086;173866
646745;601619;165901;19753;51311;14448;14818;21932;37407;104940;128346;149996;115966;41097;28811;7590;212460;89906;234712;97409;134522;289919;121199;96086;173866
641255;595406;164910;19548;50343;14326;14715;22104;36542;103734;127361;150098;112811;40702;28756;7678;209834;89299;231415;96564;133086;286701;118541;96085;173621
641255;595406;164910;19548;50343;14326;14715;22104;36542;103734;127361;150098;112811;40702;28756;7678;209834;89299;231415;96564;133086;286701;118541;96085;173621
290558;281027;78768;9671;24619;7057;7190;10403;17121;51384;60309;65572;53118;18875;13496;3803;97851;42694;109855;45982;57981;130872;57794;43156;75552
289307;280103;78070;9662;24532;7045;7189;10445;16834;51281;60360;65696;52578;18881;13543;3782;97643;42247;109366;45878;57824;130010;57447;43104;75575
288366;280258;77986;9682;24532;7064;7196;10456;16750;51238;60224;65814;52461;18874;13624;3827;98491;42233;109034;45849;58025;130181;57332;43054;75511
288366;280258;77986;9682;24532;7064;7196;10456;16750;51238;60224;65814;52461;18874;13624;3827;98491;42233;109034;45849;58025;130181;57332;43054;75511
287456;279136;77696;9637;24426;7002;7143;10481;16660;51168;60196;66104;51855;18814;13459;3761;96907;42109;108514;45482;58186;130064;57047;43145;75329
286295;278429;77746;9572;24266;6944;6998;10509;16551;50857;59983;66174;51409;18742;13413;3704;96340;42116;107827;45441;57679;129238;56695;43056;74991
284648;277439;75726;9582;24199;6944;6881;10531;16430;50601;59860;66326;50645;18746;13422;3667;95854;41595;107393;45584;57434;128859;56439;43039;74749
284401;276363;77059;9567;24055;6994;6895;10518;16445;50374;59688;66333;50199;18699;13388;3791;95489;41477;107029;45426;57238;128276;56054;43013;74455
281297;274191;75866;9398;23696;6872;6799;10513;16086;49840;58988;66658;48763;18591;13401;3785;94386;41042;105413;45120;56862;127270;55293;42842;73759
280465;273836;75787;9312;23624;6829;6751;10562;15858;49859;58875;66746;48383;18661;13384;3750;94180;41288;105397;45194;56613;127464;54998;42844;73103
278549;271270;75493;9248;23418;6797;6685;10613;15664;49551;58420;67325;47295;18597;13437;3627;93042;40574;104166;44967;56642;125169;54400;42777;73895
276832;269287;74816;9206;23220;6735;6570;10636;15337;48984;57984;67286;46288;18470;13387;3774;92495;40386;103425;44578;55971;126304;53858;42675;72069
276832;269287;74816;9206;23220;6735;6570;10636;15337;48984;57984;67286;46288;18470;13387;3774;92495;40386;103425;44578;55971;126304;53858;42675;72069
273560;265726;73698;9054;22679;6613;6328;10639;14933;48290;57021;67110;44511;18253;13453;3755;90838;39573;101138;44081;54512;123769;52789;42453;71599
276260;265521;73379;9026;22585;6609;6322;10614;14800;48184;57003;67253;44261;18162;13454;3733;90867;39891;100900;44103;54284;124371;52718;42171;71619
276260;265521;73379;9026;22585;6609;6322;10614;14800;48184;57003;67253;44261;18162;13454;3733;90867;39891;100900;44103;54284;124371;52718;42171;71619
272206;264745;73173;8988;22395;6534;6285;10561;14627;47829;56656;67300;43902;18180;13380;3717;90180;39326;100393;44110;54166;123499;51812;42082;71359
270845;262929;72907;8933;22240;6507;6240;10585;14454;47444;56342;67152;43299;18128;13402;3747;90052;39106;99592;43829;54002;122902;51794;42158;70845
270413;262747;72470;8868;22115;6477;6165;10601;14302;47505;56167;67582;43063;18067;13471;3718;89798;38996;99028;43799;53734;122472;51555;41809;70824
270131;262439;72490;8875;22096;6449;6155;10604;14226;47332;56122;67411;42803;18048;13451;3714;89430;38853;98648;43781;53568;122080;51466;41892;70857
270131;262439;72490;8875;22096;6449;6155;10604;14226;47332;56122;67411;42803;18048;13451;3714;89430;38853;98648;43781;53568;122080;51466;41892;70857
268821;260669;71877;8854;21975;6399;6143;10603;14019;46935;55918;67436;42397;17982;13453;3704;89077;38571;97996;43425;53212;121134;50796;41791;70408
267587;259414;71343;8820;21807;6369;6076;10644;13811;46477;55617;67384;41989;18093;13393;3691;88590;38130;97415;43503;52698;120927;50435;41669;70038
266590;258046;71067;8754;21667;6376;6006;10650;13736;46302;55523;67541;41513;17941;13438;3700;88466;38082;96902;43266;52098;120591;50212;41664;69587
266590;258046;71067;8754;21667;6376;6006;10650;13736;46302;55523;67541;41513;17941;13438;3700;88466;38082;96902;43266;52098;120591;50212;41664;69587
266357;257560;70716;8728;21652;6351;5987;10636;13683;46304;55385;67772;41423;17949;13413;3698;90100;38247;96726;43265;51810;120869;50354;41622;69431
265645;257142;70705;8754;21591;6283;5957;10666;13525;46146;55344;67724;41143;17923;13440;3685;88037;38081;96304;43325;52286;120345;50052;41600;69371
265136;256982;70639;8714;21575;6269;5960;10697;13561;46088;55204;67392;41086;17917;13398;3575;88033;37929;96169;43280;52225;119766;50025;41601;69288
264144;256196;70251;8741;21372;6270;5960;10763;13449;45976;55206;67704;40145;17821;13458;3810;87431;38083;95529;43285;51402;119482;49746;41366;68790
264144;256196;70251;8741;21372;6270;5960;10763;13449;45976;55206;67704;40145;17821;13458;3810;87431;38083;95529;43285;51402;119482;49746;41366;68790
264254;256025;70216;8732;21292;6299;5945;10767;13402;45728;55146;67336;39846;17843;13439;3616;87626;37781;95232;43438;51240;118982;49457;41337;68755
262732;255358;70008;8743;21294;6338;5888;10779;13196;45610;55031;67579;39100;17870;13489;3617;87389;37578;94931;43409;51302;118616;49476;41450;68096
260252;253870;69612;8719;21148;6318;5796;10833;13010;45621;55104;67422;38244;17723;13480;3620;87052;37617;94325;43372;50841;117556;49074;41639;67318
260027;254582;69388;8717;21136;6299;5809;10817;12997;45749;55146;67067;38050;17759;13583;3600;86796;37669;94208;43478;51396;118485;48986;41757;67054
259610;254334;69122;8662;21176;6272;5760;10822;13013;45728;55106;66950;37904;17727;13568;3600;86688;37570;94078;43397;50458;117899;48780;41847;66972
259610;254334;69122;8662;21176;6272;5760;10822;13013;45728;55106;66950;37904;17727;13568;3600;86688;37570;94078;43397;50458;117899;48780;41847;66972
259126;254261;69119;8676;21127;6284;5797;10788;12990;45666;55321;67205;37813;17652;13559;3609;86622;37500;93868;43365;50941;117992;48813;41871;66998
258659;253764;68864;8689;21055;6311;5804;10773;12997;45677;54952;66766;37670;17659;13537;3596;86704;37176;93605;43222;50220;117855;48700;41894;66679
258659;253764;68864;8689;21055;6311;5804;10773;12997;45677;54952;66766;37670;17659;13537;3596;86704;37176;93605;43222;50220;117855;48700;41894;66679
258225;253354;68687;8659;21077;6274;5795;10767;12986;45524;55006;66718;37566;17637;13537;3627;86696;37205;93629;43126;50258;117809;48637;41815;66607
258076;253453;68492;8671;21053;6306;5767;10792;12932;45500;54938;66446;37600;17635;13558;3607;86759;37160;93491;43214;49926;117505;48618;42032;66322
257675;252850;68514;8622;21019;6287;5790;10792;12846;45570;54856;66297;37408;17618;13622;3613;86622;37072;93376;43298;51064;117661;48579;41907;66370
257675;252850;68514;8622;21019;6287;5790;10792;12846;45570;54856;66297;37408;17618;13622;3613;86622;37072;93376;43298;51064;117661;48579;41907;66370
256461;252310;68152;8546;21142;6296;5761;10867;12745;45594;54878;66056;37072;17576;13625;3658;87116;37282;93145;43336;49292;117862;48528;41753;65487
256461;252310;68152;8546;21142;6296;5761;10867;12745;45594;54878;66056;37072;17576;13625;3658;87116;37282;93145;43336;49292;117862;48528;41753;65487
254639;251670;68303;8485;21105;6310;5757;10898;12751;45645;54718;65616;36626;17625;13711;3681;87248;37220;93083;43490;50159;116438;48151;41574;64921
254639;251670;68303;8485;21105;6310;5757;10898;12751;45645;54718;65616;36626;17625;13711;3681;87248;37220;93083;43490;50159;116438;48151;41574;64921
253825;250889;68162;8432;21046;6316;5751;10919;12673;44946;54599;65418;36299;17595;13711;3705;86941;36907;92944;43343;49788;116150;48051;41498;64361
253825;250889;68162;8432;21046;6316;5751;10919;12673;44946;54599;65418;36299;17595;13711;3705;86941;36907;92944;43343;49788;116150;48051;41498;64361
253641;251323;67952;8401;21080;6313;5740;10968;12634;45659;54370;65274;36166;17593;13753;3700;87162;37386;92820;43404;49563;116154;47625;41514;64311
251277;250631;67995;8391;20985;6403;5726;11035;12561;46270;53922;64747;35190;17469;13905;3698;86982;37210;92198;43199;49189;115833;47570;41633;63168
251277;250631;67995;8391;20985;6403;5726;11035;12561;46270;53922;64747;35190;17469;13905;3698;86982;37210;92198;43199;49189;115833;47570;41633;63168
250248;250530;67548;8410;20884;6269;5721;11047;12465;45866;53730;64425;34977;17453;13909;3723;86775;37143;91800;43271;49450;115183;47469;41569;62803
249421;250353;67632;8370;20937;6280;5720;11008;12453;46160;53553;64574;34803;17451;13959;3710;86851;37144;91735;43239;49014;115306;47590;41540;62507
248615;250415;67527;8346;20959;6283;5703;11096;12327;45834;53395;64516;34385;17460;14010;3740;86422;37039;91468;43205;49025;115075;47231;41563;62333
248615;250415;67527;8346;20959;6283;5703;11096;12327;45834;53395;64516;34385;17460;14010;3740;86422;37039;91468;43205;49025;115075;47231;41563;62333
247678;249850;67255;8341;20875;6272;5670;11114;12229;45845;53115;64008;34107;17353;13969;3741;86379;37165;90885;43236;48845;115046;47035;41377;61973
247678;249850;67255;8341;20875;6272;5670;11114;12229;45845;53115;64008;34107;17353;13969;3741;86379;37165;90885;43236;48845;115046;47035;41377;61973
245749;249362;66767;8367;20769;6317;5699;11142;12202;45810;52767;63948;33494;17316;13977;3767;86016;37024;90288;43112;48243;114681;46958;41177;61762
244912;249239;66807;8317;20738;6275;5684;11129;12192;45941;52464;63501;33415;17295;14082;3760;85970;36999;90191;43235;48297;113774;46748;41318;61375
244912;249239;66807;8317;20738;6275;5684;11129;12192;45941;52464;63501;33415;17295;14082;3760;85970;36999;90191;43235;48297;113774;46748;41318;61375
244192;249342;66631;8315;20755;6262;5680;11137;12125;45902;52405;63385;33236;17274;14125;3763;85961;37040;89944;43245;48634;113897;46678;41184;61127
244192;249342;66631;8315;20755;6262;5680;11137;12125;45902;52405;63385;33236;17274;14125;3763;85961;37040;89944;43245;48634;113897;46678;41184;61127
243516;248733;66782;8324;20722;6288;5678;11143;12117;46013;52333;63331;33076;17274;14177;3734;85901;36842;89780;43216;48284;113715;46586;41166;60842
243431;248400;66523;8304;20796;6225;5685;11148;12139;45924;52280;63149;33027;17302;14139;3751;85874;37100;89789;43226;48191;113947;46627;41022;60728
243212;248089;66432;8316;20757;6260;5663;11133;12113;46003;52264;63267;32969;17320;14141;3752;85756;37113;89806;43260;48132;114024;46593;40919;60624
243198;248492;66429;8330;20809;6282;5657;11137;12132;46003;52228;63162;32996;17315;14135;3759;85845;37319;89766;43271;48158;114002;46604;40880;60472
242877;248192;66265;8287;20834;6460;5646;11123;12091;45897;51914;63078;32946;17299;14156;3687;85760;37232;89638;43344;48001;113196;46310;40810;60493
240719;247350;66229;8259;20555;6220;5619;11112;12007;46229;51629;62384;32698;17213;14229;3698;85456;36871;89104;43283;48509;113443;46223;40386;59666
240188;247154;66186;8263;20532;6210;5599;11083;11958;46789;51538;61898;32649;17220;14204;3694;85348;37227;89108;43272;48185;113730;46253;40313;59674
240188;247154;66186;8263;20532;6210;5599;11083;11958;46789;51538;61898;32649;17220;14204;3694;85348;37227;89108;43272;48185;113730;46253;40313;59674
239976;247324;65927;8255;20603;6226;5591;11095;11866;46626;51537;61819;32588;17202;14241;3675;85294;37354;89098;43383;48190;114028;46235;40340;59873
239158;246992;65430;8253;20502;6203;5561;11069;11868;46349;51359;61513;32536;17232;14186;3676;85214;37221;88789;43448;48257;112748;46161;40254;59752
239158;246992;65430;8253;20502;6203;5561;11069;11868;46349;51359;61513;32536;17232;14186;3676;85214;37221;88789;43448;48257;112748;46161;40254;59752
237926;247143;65293;8245;20312;6219;5596;11065;11823;46302;51271;61451;32403;17181;14238;3683;85148;37239;88435;43397;47911;112845;46019;40106;59640
237415;246692;65170;8240;20559;6237;5553;11110;11786;46238;51322;61097;32294;17172;14204;3682;84630;37014;88053;43333;44532;112803;45531;40168;58482
236882;245829;64866;8263;20383;6235;5510;11082;11714;46125;51194;61332;32228;17136;14233;3663;84371;37511;87537;43295;48067;113030;46066;40102;58316
236567;245790;64913;8255;20647;6240;5495;11043;11690;46215;51166;61327;32167;17155;14241;3625;84439;37568;87338;43202;47923;113172;46195;40192;58253
235581;245252;64887;8198;20384;6165;5507;11086;11718;45923;50965;60998;32015;17161;14247;3629;84188;36941;87189;43087;47845;112501;45987;40247;58155
234676;243818;64724;8179;20377;6232;5469;10980;11735;45828;51058;60452;31821;17119;14267;3631;83999;37172;86766;42929;47680;112312;46068;40315;57975
234676;243818;64724;8179;20377;6232;5469;10980;11735;45828;51058;60452;31821;17119;14267;3631;83999;37172;86766;42929;47680;112312;46068;40315;57975
232123;242133;65045;8172;20347;6205;5442;10913;11532;46075;50538;58293;31394;17194;14330;3594;83691;37354;85864;43140;47387;112457;45817;40386;57154
229545;242125;65071;8104;20263;6234;5532;10939;11469;46302;50564;58129;31258;17080;14366;3566;82816;37294;85367;43139;47291;112605;45571;40461;56669
229545;242125;65071;8104;20263;6234;5532;10939;11469;46302;50564;58129;31258;17080;14366;3566;82816;37294;85367;43139;47291;112605;45571;40461;56669
229108;240347;65057;8076;20127;6169;5523;10839;11480;45971;50264;57636;31133;17048;14240;3527;82749;36938;84979;42806;47020;111378;45427;40340;56589
227884;240104;64487;7991;20104;6083;5464;10815;11413;46243;50007;56923;30714;17062;14141;3562;81987;37103;84521;42757;46924;111414;45379;40186;56124
224295;238982;64105;8145;20053;6181;5467;10888;11269;46577;49630;55187;30102;16981;14081;3481;81618;37330;83786;42603;46086;111279;45584;39388;54385
223567;238462;64230;8132;19913;6114;5510;10822;11262;43454;49385;54912;29949;17030;14024;3480;81616;37265;83592;42390;47087;110898;45305;39295;54286
220625;236471;63605;8312;19789;6110;5581;10801;11117;45556;48690;53995;29783;16914;13982;3416;80854;36333;82787;42138;45177;108152;45316;38683;53774
219566;235778;63677;8305;19790;6113;5427;10753;11058;45540;48449;53706;29730;16869;13931;3428;80623;35935;82582;41929;46466;108049;44601;38742;53451
212113;227932;61356;8093;19034;5888;5271;10419;10269;43707;47237;53757;28746;16456;13683;3483;78886;35309;79404;40706;44620;105035;42273;37484;52326
211956;227000;61194;8065;18967;5828;5255;10400;10571;43791;47118;53124;28691;16382;13769;3446;78547;35116;79327;40679;43578;104849;41908;37185;51942
209513;222113;60319;7764;18436;5707;4893;10271;10436;42914;46378;52615;27988;15998;13825;3422;78075;34581;78070;40408;43664;104215;41697;36907;51152
208812;220685;60145;7665;18224;5547;4789;10105;10349;42490;46245;52398;28225;15940;13818;3415;78040;34298;77217;40176;43836;102715;41452;36741;51251
206267;216339;59366;7175;17742;5501;4477;10001;10223;42133;45522;51988;28062;15734;13750;3407;77181;35181;76508;39528;44765;103136;40346;36527;50545
204176;214674;58332;6988;17770;5422;4432;9995;10009;41736;44837;51511;27781;15527;13695;3374;76593;35048;76017;39298;42563;101796;39881;36094;49324
202407;215590;58213;6945;17728;5444;4371;9991;9894;41507;44891;51491;27599;15327;13765;3410;76665;34604;75364;39383;42236;101815;39755;36170;48971
202407;215590;58213;6945;17728;5444;4371;9991;9894;41507;44891;51491;27599;15327;13765;3410;76665;34604;75364;39383;42236;101815;39755;36170;48971
201962;215511;58116;6939;17627;5405;4379;9928;9863;41746;44866;51373;27625;15313;13734;3474;76641;34421;75302;39408;42873;101957;39764;36200;48909
199972;215654;58258;6920;17803;5506;4414;10201;9881;41492;44838;51177;27391;15292;13801;3409;76215;33998;74891;39252;42768;102161;39584;36182;48695
199162;213111;57372;6862;17862;5484;4314;10016;9798;41010;44524;50843;27288;15158;13737;3438;76422;35921;75018;39149;44238;102102;39441;36042;48444
199162;213111;57372;6862;17862;5484;4314;10016;9798;41010;44524;50843;27288;15158;13737;3438;76422;35921;75018;39149;44238;102102;39441;36042;48444
199162;213111;57372;6862;17862;5484;4314;10016;9798;41010;44524;50843;27288;15158;13737;3438;76422;35921;75018;39149;44238;102102;39441;36042;48444
199162;213111;57372;6862;17862;5484;4314;10016;9798;41010;44524;50843;27288;15158;13737;3438;76422;35921;75018;39149;44238;102102;39441;36042;48447
197889;212843;57608;6783;17738;5392;4306;9926;9741;41118;44541;50654;27156;15113;13670;3425;76488;34479;74781;38971;43633;101913;39582;35987;48734
195289;209913;57313;6451;17819;5313;4297;10239;9760;40111;43256;49251;26985;14557;13772;3423;74276;34339;72856;38202;42714;100631;38709;36260;48205
195415;210910;57348;6453;17706;5384;4267;10062;9823;40213;43312;48972;27111;14374;13676;3362;74338;33931;72837;38278;42687;101530;37542;36453;48145
195362;210115;56903;6409;17636;5309;4233;9990;9741;40090;43056;48864;26851;14312;13715;3391;74184;33334;72594;37775;42855;100563;38495;36207;48070
194948;209132;56354;6395;17684;5347;4201;10026;9669;40122;43013;48717;26914;14288;13691;3427;74280;34985;72547;37925;42669;100900;38421;36251;47667
192702;204692;53808;6203;17358;5311;4159;9859;9673;39125;42394;47519;26449;14065;13572;3430;73678;33613;71774;37128;40587;98940;38211;36014;47244
189631;204134;53695;6221;17216;5293;4131;9886;9465;38570;42007;46327;26288;13861;13409;3379;73035;32747;70777;36629;40351;97568;37628;35931;46784
185214;198309;52705;5946;16914;5135;3915;9670;9252;37702;40696;43740;25362;13521;13183;3322;71706;32003;69220;35921;38547;93823;36996;36000;46079
185214;198309;52705;5946;16914;5135;3915;9670;9252;37702;40696;43740;25362;13521;13183;3322;71706;32003;69220;35921;38547;93823;36996;36000;46079
180181;194560;51887;5858;16604;4993;3860;9704;9087;36464;39855;42195;25018;13465;13287;3309;70643;31371;68293;35496;39414;91609;36576;35800;44584
180181;194560;51887;5858;16604;4993;3860;9704;9087;36464;39855;42195;25018;13465;13287;3309;70643;31371;68293;35496;39414;91609;36576;35800;44584
179598;193814;51607;5887;16468;5018;3841;9585;9035;36406;39754;41932;24909;13417;13098;3285;70863;31838;68056;35470;39344;91061;36173;35779;44432
176315;194767;50970;5863;16598;4962;3831;9758;8931;36547;39515;41410;24792;13280;13255;3307;70965;30719;67244;35420;38858;90241;36098;36099;43446
172327;190069;50486;5876;16389;4881;3849;9525;8748;36420;39086;40392;24362;13153;13275;3301;70879;31430;66134;35548;37590;88524;35832;35633;42241
172327;190069;50486;5876;16389;4881;3849;9525;8748;36420;39086;40392;24362;13153;13275;3301;70879;31430;66134;35548;37590;88524;35832;35633;42241
169831;190217;50088;5903;16364;4869;3636;9449;8727;36390;38662;39982;24224;13039;13308;3306;71099;31062;66121;35638;37546;88764;36237;35453;42019
169831;190217;50088;5903;16364;4869;3636;9449;8727;36390;38662;39982;24224;13039;13308;3306;71099;31062;66121;35638;37546;88764;36237;35453;42019
169831;190217;50088;5903;16364;4869;3636;9449;8727;36390;38662;39982;24224;13039;13308;3306;71099;31062;66121;35638;37546;88764;36237;35453;42019
169069;189963;50222;5890;16349;4816;3678;9414;8660;36556;38371;39568;24211;12948;13263;3256;71007;29507;65856;35535;37154;88771;35967;35538;42185
165510;187328;49408;5909;16430;4081;3721;9561;8530;36124;37335;39030;23627;12955;13352;3359;70422;30059;65132;34787;37037;86143;34858;34875;41110
158725;186145;49426;5730;17376;4777;3692;9393;8323;36179;37149;37823;23503;12821;13345;3424;70123;30181;64030;34575;36541;85764;34921;34529;39641
158725;186145;49426;5730;17376;4777;3692;9393;8323;36179;37149;37823;23503;12821;13345;3424;70123;30181;64030;34575;36541;85764;34921;34529;39641
157010;186200;48765;5756;16187;4790;3641;9268;8270;36503;36974;37524;23497;12726;13465;3330;69103;30270;63765;34705;37037;86628;35065;34465;39603
152571;184180;48326;5665;16034;4738;3594;9130;8189;35924;36502;36150;22666;12749;13480;3306;69897;29608;62612;34293;36855;85194;34866;34236;38757
152365;184250;48510;5682;16451;4665;3603;9136;8173;35837;36545;36669;22546;12450;13504;3293;69498;29642;62413;34279;35062;85200;34896;34208;38815
150780;182432;47885;5699;16724;4613;3583;9222;8147;35640;36299;35703;22247;12676;13753;3348;68656;29420;61989;33856;34187;85078;34649;33970;38309
145818;180208;46912;5740;16684;4672;3578;9082;8152;35547;35039;34381;21496;12331;13811;3313;68656;29469;61670;33918;36331;83520;33503;33586;38246
142596;178016;47046;5688;16500;4650;3641;9121;8213;35837;34390;33850;21062;12345;13819;3354;68517;28750;60430;33505;35127;83524;33525;33866;38402
141972;177183;46745;5723;17370;4543;3731;9030;8142;35529;34093;33822;20882;12380;13936;3434;68574;29169;60439;33578;40955;83377;33570;33848;38177
141721;177509;46250;5756;16100;4570;3538;8930;8129;35560;33956;33459;20838;12348;13994;3420;68831;29407;60014;33705;41821;84002;33461;34012;38330
141721;177509;46250;5756;16100;4570;3538;8930;8129;35560;33956;33459;20838;12348;13994;3420;68831;29407;60014;33705;41821;84002;33461;34012;38330
141599;178535;46702;5807;16085;4606;3566;8828;8181;36056;33969;33445;20891;12325;14013;3396;68957;29434;59776;33790;40065;85180;33992;34253;39072
140536;176291;45962;5695;16041;4500;3476;8953;8123;35524;33519;33341;20764;12507;13997;3284;68232;29152;60198;33369;41776;81373;32975;34218;38761
140619;175210;45557;5587;15508;4524;3413;8838;8066;35361;32994;32922;20263;12280;14003;3303;68842;28429;59157;32651;42076;80611;32788;34011;39092
140619;175210;45557;5587;15508;4524;3413;8838;8066;35361;32994;32922;20263;12280;14003;3303;68842;28429;59157;32651;42076;80611;32788;34011;39092
140619;175210;45557;5587;15508;4524;3413;8838;8066;35361;32994;32922;20263;12280;14003;3303;68842;28429;59157;32651;42076;80611;32788;34011;39092
139387;172172;43912;5696;16295;4425;3481;8762;8094;34760;33114;32052;20039;12353;13837;3238;66291;28833;58594;32857;43206;81689;32990;34328;39117
139387;172172;43912;5696;16295;4425;3481;8762;8094;34760;33114;32052;20039;12353;13837;3238;66291;28833;58594;32857;43206;81689;32990;34328;39117
138731;172561;43755;5785;15377;4425;3454;8641;8091;34442;32938;32338;19840;12382;13936;3137;67079;28944;57920;32998;41799;81888;32965;34677;39186
138731;172561;43755;5785;15377;4425;3454;8641;8091;34442;32938;32338;19840;12382;13936;3137;67079;28944;57920;32998;41799;81888;32965;34677;39186
138404;170327;43417;5892;15652;4388;3425;8665;8073;34565;33400;32292;19626;12371;13814;3176;67188;28401;57623;32735;41992;81594;33046;34653;39868
137307;172023;43489;5827;14789;4475;3437;8590;8085;35167;33135;31846;19296;12688;13783;3128;67809;28983;57865;32904;42192;83472;33296;34798;39943
136884;171493;43307;5716;15033;4427;3383;8559;7897;34368;32985;31188;19128;12621;13812;3171;67016;28721;56764;32636;41658;79409;33099;34670;39444
136884;171493;43307;5716;15033;4427;3383;8559;7897;34368;32985;31188;19128;12621;13812;3171;67016;28721;56764;32636;41658;79409;33099;34670;39444
136884;171493;43307;5716;15033;4427;3383;8559;7897;34368;32985;31188;19128;12621;13812;3171;67016;28721;56764;32636;41658;79409;33099;34670;39444
135928;168868;43201;5810;14736;4372;3312;8397;7974;34098;32304;30224;18774;12626;13700;3131;65970;28675;56384;31888;40857;75525;32550;34431;37802
135386;168297;43267;5689;14118;4368;3302;8506;7779;33086;32549;30109;18379;12699;13730;3112;65832;28613;56104;31667;40871;75768;32562;34332;37132
135386;168297;43267;5689;14118;4368;3302;8506;7779;33086;32549;30109;18379;12699;13730;3112;65832;28613;56104;31667;40871;75768;32562;34332;37132
133350;168523;42708;5993;14553;4376;3242;8449;7667;33569;32370;29676;18389;13506;13841;3124;65795;28254;55552;31510;40883;77144;32328;34445;37089
132673;166925;42754;5688;14862;4364;3285;8429;7394;34223;32058;29478;18077;13299;13685;3140;65249;30085;56366;31588;41654;77601;32563;34071;36585
126832;155614;40693;4896;14327;4322;3299;8274;7207;31843;29897;29591;17346;13273;13436;3053;64437;27735;52737;30525;40320;74832;31679;33522;34487
117075;150528;39683;4840;15040;4163;3106;8301;6949;31742;28349;25742;17172;11086;13634;3228;73597;29572;50544;29410;40073;73336;31105;31989;31212
115533;144491;39290;4862;16003;4170;3225;8151;7771;31594;27888;24019;16843;10323;13643;3240;64859;28671;50025;29102;40725;72692;30848;32364;30750
113200;145621;39333;5060;13798;4236;3270;8318;6742;32267;27623;23920;16241;9584;13856;3391;65253;26513;50326;28980;39956;74513;31195;31439;29540
111942;145036;39100;5177;13897;4383;3264;8188;6662;32436;27465;23209;16161;9491;14033;2902;64578;26173;50343;29518;39764;74625;30969;31482;28414
109197;141879;38862;5072;13882;4119;3197;8191;6600;31812;26904;22387;15810;9219;13564;3076;64471;25616;49726;28784;40439;71540;30442;31009;27881
106863;139894;38183;4988;13688;4147;3198;8297;6475;32325;26116;21346;15264;9001;13706;2926;62441;24929;48540;27596;40609;70145;30272;31760;26897
106351;138482;38350;5058;13801;4216;3211;8388;6611;32215;26028;21435;15225;8921;13901;2845;62711;24940;48152;27627;40261;71518;30876;31469;26953
106351;138482;38350;5058;13801;4216;3211;8388;6611;32215;26028;21435;15225;8921;13901;2845;62711;24940;48152;27627;40261;71518;30876;31469;26953
105637;138862;38069;5040;13853;4111;3189;8348;6619;32354;25997;21247;15029;9005;14225;3179;62888;25365;48103;28305;40255;71335;29834;31847;26220
102305;134354;37803;4958;13364;4023;3199;8288;6501;32131;24888;20437;14814;8879;13730;3021;59227;24231;47047;27274;39837;69240;29360;30866;24992
100283;131569;36281;4887;13336;3977;3078;8327;6403;31119;24568;19908;14425;8806;13645;2735;59534;24268;46659;27004;39975;69797;30208;30289;25313
98599;131110;36250;4728;13367;3988;3116;8220;6469;31209;23840;19140;14398;8594;13454;2917;59319;24320;46123;26425;39431;68504;29062;30576;24946
98599;131110;36250;4728;13367;3988;3116;8220;6469;31209;23840;19140;14398;8594;13454;2917;59319;24320;46123;26425;39431;68504;29062;30576;24946
98599;131110;36250;4728;13367;3988;3116;8220;6469;31209;23840;19140;14398;8594;13454;2917;59319;24320;46123;26425;39431;68504;29062;30576;24946
98480;131135;36294;4709;13362;3998;3087;8255;6425;31040;23895;19140;14324;8554;13454;2947;58695;24336;46329;26675;39435;69605;29335;30049;24567
97696;128653;36020;4715;13249;3933;3070;8231;6398;30591;23466;18819;14058;8595;13272;2898;57999;24628;45745;25876;39401;67640;27808;29915;24644
97002;127650;35860;4727;13335;3968;3129;8187;6362;30279;23299;17977;13918;8642;12826;3028;54974;23929;45222;25694;38968;66279;28292;29206;24509
97002;127650;35860;4727;13335;3968;3129;8187;6362;30279;23299;17977;13918;8642;12826;3028;54974;23929;45222;25694;38968;66279;28292;29206;24509
97595;127222;36016;4825;13401;3955;3090;8287;6325;30386;23263;17775;13912;8524;12694;2981;54723;23656;45154;25616;38429;66009;28727;28827;23836
96571;126341;34928;4562;13448;3946;3081;8196;6185;30181;23048;16825;13461;8129;12481;3017;53574;23405;45000;24826;38001;65448;28058;28435;22928
96571;126341;34928;4562;13448;3946;3081;8196;6185;30181;23048;16825;13461;8129;12481;3017;53574;23405;45000;24826;38001;65448;28058;28435;22928
95779;125942;34962;4571;13429;3906;3080;8367;6363;30290;22571;16492;13688;8304;12535;3009;53454;23454;45166;24972;38270;67240;28384;28184;22232
94511;121797;34355;4520;13029;3920;3030;8210;6232;29891;21759;15600;13311;8048;12290;2895;52178;22727;43552;24456;38194;64598;28204;27805;21771
94511;121797;34355;4520;13029;3920;3030;8210;6232;29891;21759;15600;13311;8048;12290;2895;52178;22727;43552;24456;38194;64598;28204;27805;21771
93807;121228;34129;4454;12929;3816;3053;8244;6271;29899;21864;15605;13338;8015;12232;2952;51282;22968;43608;24611;38609;65173;28134;27429;21692
93227;120673;35644;4495;12891;3824;2877;8323;6207;29903;21800;15407;13272;8028;12228;3005;51943;23661;43145;24302;37804;64010;28454;27256;21654
93227;120673;35644;4495;12891;3824;2877;8323;6207;29903;21800;15407;13272;8028;12228;3005;51943;23661;43145;24302;37804;64010;28454;27256;21654
93227;120673;35644;4495;12891;3824;2877;8323;6207;29903;21800;15407;13272;8028;12228;3005;51943;23661;43145;24302;37804;64010;28454;27256;21654
90109;119465;33166;4425;12822;3735;2869;8194;6165;29582;20727;14658;13137;8117;12180;2957;51723;22883;42792;23999;34100;63233;27897;27178;21018
89212;117993;32990;4314;12747;3684;2872;8249;6024;29085;20296;14428;13053;8079;12180;3004;51494;22513;42288;23887;33884;62613;27793;27195;20715
89084;118449;32544;4338;12318;3687;2895;8177;6082;29300;19251;14109;13193;8128;12191;2971;51647;22385;42492;24098;33277;63577;27808;27032;20147
88972;118980;33031;4392;12711;3720;2936;8219;6077;29616;19367;14011;13180;8086;12230;3022;51466;22760;41264;24083;33209;64114;27949;26727;20128
87988;117015;32105;4257;12358;3638;2922;8200;6152;28888;19016;13844;13062;8124;12155;2907;51266;22152;40363;23982;32297;63858;27820;26563;19799
87247;115345;31727;4148;12408;3621;2886;8215;6073;28806;18786;13683;13109;8193;12134;3074;51257;22251;40392;23719;32501;63220;27617;26796;19666
86333;114533;31138;4286;12221;3621;2860;8247;6019;28534;19024;13485;12798;8005;12330;3006;51816;22237;40033;24051;28169;62779;27718;26262;19408
80317;112269;30212;4178;12100;3643;2933;8276;5746;28733;18374;12450;11516;8123;12314;3111;51639;21865;39475;24030;29500;61258;27414;25407;18909
80317;112269;30212;4178;12212;3643;2933;8276;5746;28733;18374;12450;11516;8123;12314;3111;51639;21865;39475;24030;29500;61258;27414;25407;18909
80403;112027;31246;4165;12198;3629;2900;8292;5713;28837;18468;12391;11554;8071;12501;3161;51323;22288;39693;24125;29547;63117;27714;25286;19130
79827;112286;31309;4117;12183;3677;2875;8236;5771;29074;18474;12209;11575;8081;12560;3114;51824;22147;39572;24083;37632;61552;27403;25025;18925
78708;110816;30838;4186;12263;3656;2857;8280;5693;28775;18140;11948;11497;7983;12599;3185;51603;22222;39874;24133;37637;62915;27628;24665;19124
76159;109895;29950;4177;12175;3698;2804;8169;5830;28369;17419;10799;11182;7792;12583;3017;51599;21496;39892;24211;35698;59485;27164;24718;18790
76215;109682;30017;4136;12100;3687;2847;8152;5876;28428;17356;10975;11229;7775;12718;3017;51934;21951;39483;24081;37244;59888;27000;25008;18695
74543;106452;29869;4126;12044;3604;2797;8015;5645;27854;15533;10458;10661;7486;12736;3160;50575;20383;39307;23630;37508;58920;26360;24028;18605
74543;106452;29869;4126;12044;3604;2797;8015;5645;27854;15533;10458;10661;7486;12736;3160;50575;20383;39307;23630;37508;58920;26360;24028;18605
74543;106452;29869;4126;12044;3604;2797;8015;5645;27854;15533;10458;10661;7486;12736;3160;50575;20383;39307;23630;37508;58920;26360;24028;18605
74543;106452;29869;4126;12044;3604;2797;8015;5645;27854;15533;10458;10661;7486;12736;3160;50575;20383;39307;23630;37508;58920;26360;24028;18605
73646;103730;31136;4215;12244;3699;2893;8239;5817;28022;16564;9753;11217;7891;12496;3135;51013;22519;41348;23910;35000;57679;25928;21725;19219
73904;103880;31332;4160;12380;3726;2835;8178;5686;27824;16708;10008;11272;8021;12221;3265;50826;22246;42044;23866;35000;58326;26083;23174;20034
